Date,IndexClose,Divisor,ComponentSum,RosterCount,Status
2025-12-31,357.86720538887630959161352343389782650721584932949378434508511053659336555716041747820084178876612419313324931705830443763287141841219195528977026941507308552683706137768324127592,33.7956499446706002838859716141994157216096299957072018669876537563610790765284561350478560750557870086856826936717590039529782815318717391862180720094532377639646432442306780009025,12094.3548,86,ACCEPTED_LOCKED_OPENING_CARRY
2026-01-02,362.6515712295910042026381721212629624098127997449913308645402368967332083723550647268589510456786816598421437467984669574991043433813705648434419425700115185487729795806646319590958228359876440415308567902941480174160746,33.70082296503437513856083020472654330399791556332561650588524384719774907584570993171057225951197832657177500899633201620552116749316807684543453396596616789815019113045229197937224691470228934178675969539241960322759911,12221.6564,86,ACCEPTED_2026_DAILY_CLOSE
2026-01-05,364.7863440235564116550971464710755863404304702057427686411075880282217204573337721821498107715706555826127936607382967654622485668794630141917046420302483388774696285662930860543862456824181132100034935556820381619390195,33.70082296503437513856083020472654330399791556332561650588524384719774907584570993171057225951197832657177500899633201620552116749316807684543453396596616789815019113045229197937224691470228934178675969539241960322759911,12293.60,86,ACCEPTED_2026_DAILY_CLOSE
2026-01-06,370.2767143979527351769737835026646339538691578075980904737411646056979572745574062573485466574839534288458616970373797883777070047926623245252026499298755310866270930497333484439745751415365019234191688999756419493652882,33.70082296503437513856083020472654330399791556332561650588524384719774907584570993171057225951197832657177500899633201620552116749316807684543453396596616789815019113045229197937224691470228934178675969539241960322759911,12478.63,86,ACCEPTED_2026_DAILY_CLOSE
2026-01-07,366.9306536766167279243962610745873548416743050408942296595114436806635961185598756056175546444319454753763058568316504629760874255283164334277757307232524952034425203724640343416023761929471645010102696393191633724365567,33.70082296503437513856083020472654330399791556332561650588524384719774907584570993171057225951197832657177500899633201620552116749316807684543453396596616789815019113045229197937224691470228934178675969539241960322759911,12365.865,86,ACCEPTED_2026_DAILY_CLOSE
2026-01-08,371.8861706434656605827273845003049622387576321929660451632620271337329304408883250934225856481986336168136594070782502589118607402540033535069295696103369638565816997274710116986428505015461295719932716437171166801116581,33.70082296503437513856083020472654330399791556332561650588524384719774907584570993171057225951197832657177500899633201620552116749316807684543453396596616789815019113045229197937224691470228934178675969539241960322759911,12532.87,86,ACCEPTED_2026_DAILY_CLOSE
2026-01-09,373.7836020523765015685480706322022851033814060604504452853381988585706214276329896393804474339886451326617572051712344447213456335813531340791369420101729948019125869695052092801281541131946480083515127932110068286657993,33.70082296503437513856083020472654330399791556332561650588524384719774907584570993171057225951197832657177500899633201620552116749316807684543453396596616789815019113045229197937224691470228934178675969539241960322759911,12596.815,86,ACCEPTED_2026_DAILY_CLOSE
2026-01-12,374.1151963286229422287489646430546204386252980452676815252975579800822516845236241894012325689671951160787951736392788309348258694548871679816221619111530189760321063209749435513471433674001714038680245587219024797736659,33.70082296503437513856083020472654330399791556332561650588524384719774907584570993171057225951197832657177500899633201620552116749316807684543453396596616789815019113045229197937224691470228934178675969539241960322759911,12607.99,86,ACCEPTED_2026_DAILY_CLOSE
2026-01-13,375.2721413694147741161076096079881823823532039502362757978716440783138815472677710444625670130668518367436999065761066267704942718449625131143200342994493180855551541521879135052467756735722839041981179580301639058761909,33.70082296503437513856083020472654330399791556332561650588524384719774907584570993171057225951197832657177500899633201620552116749316807684543453396596616789815019113045229197937224691470228934178675969539241960322759911,12646.98,86,ACCEPTED_2026_DAILY_CLOSE
2026-01-14,376.0139630164985339823288490058681272039279063771204732027024251107783787662624792100571646304685296519943441313368323229975194080273652735225643741226708486764265620973103615392937314995354234914833791784124807987349529,33.70082296503437513856083020472654330399791556332561650588524384719774907584570993171057225951197832657177500899633201620552116749316807684543453396596616789815019113045229197937224691470228934178675969539241960322759911,12671.98,86,ACCEPTED_2026_DAILY_CLOSE
2026-01-15,378.5901612324910152457419691868255995802925329652039139501987614803210847083873017275340832361810763687967813950858805208547323009616135798683153174607545801124047876091315990719319996919402146502076343445561909042548612,33.70082296503437513856083020472654330399791556332561650588524384719774907584570993171057225951197832657177500899633201620552116749316807684543453396596616789815019113045229197937224691470228934178675969539241960322759911,12758.80,86,ACCEPTED_2026_DAILY_CLOSE
2026-01-16,378.0097599758126815264104714819243307518924857864097179006591584005208620842458420587728700603260036461446773536330887361267078344125016601249049459830660545781069980328677957300936614537066542371156459657290661672821659,33.70082296503437513856083020472654330399791556332561650588524384719774907584570993171057225951197832657177500899633201620552116749316807684543453396596616789815019113045229197937224691470228934178675969539241960322759911,12739.24,86,ACCEPTED_2026_DAILY_CLOSE
2026-01-20,373.2923677576776357851363659029261856425346381133677297638592556588726313692146938921237048917452540834027805995346818886798095884013660261367975401792356972446375406282451241919822599652418569736512128130738365822147271,33.70082296503437513856083020472654330399791556332561650588524384719774907584570993171057225951197832657177500899633201620552116749316807684543453396596616789815019113045229197937224691470228934178675969539241960322759911,12580.26,86,ACCEPTED_2026_DAILY_CLOSE
2026-01-21,380.9105793445690161072820060233940669821782021564976834325094445498700320094027488695139845834135245749007965301374304986528669269401694144253036124277915278006505516614746165224308775155529152792359314419120781451170685,33.70082296503437513856083020472654330399791556332561650588524384719774907584570993171057225951197832657177500899633201620552116749316807684543453396596616789815019113045229197937224691470228934178675969539241960322759911,12837.00,86,ACCEPTED_2026_DAILY_CLOSE
2026-01-22,381.5423146592255460093560134946286279922312187432322659424633376771167978410986423433343439143927934023682451519436645015598015329131036051889644922212469832518366426675408932682252650969431249517680598971896592110755902,33.70082296503437513856083020472654330399791556332561650588524384719774907584570993171057225951197832657177500899633201620552116749316807684543453396596616789815019113045229197937224691470228934178675969539241960322759911,12858.29,86,ACCEPTED_2026_DAILY_CLOSE
2026-01-23,378.1196979439104947385844591606901385744498566860739559560550801495321005721008578089139894272249322983648228277426282843075529595947337492174067571448674854116741406903349425287394203071143915239513216785897255308038344,33.70082296503437513856083020472654330399791556332561650588524384719774907584570993171057225951197832657177500899633201620552116749316807684543453396596616789815019113045229197937224691470228934178675969539241960322759911,12742.945,86,ACCEPTED_2026_DAILY_CLOSE
2026-01-26,378.3239956255173622057417884908662753783115297344378639213454772458728231062120004377187416110573543686848502472417321410484756820993674694338372483321826949364001264384216647173159519415846401662896826186830156030971375,33.70082296503437513856083020472654330399791556332561650588524384719774907584570993171057225951197832657177500899633201620552116749316807684543453396596616789815019113045229197937224691470228934178675969539241960322759911,12749.83,86,ACCEPTED_2026_DAILY_CLOSE
2026-01-27,375.2528540065905963595858573836433038169922616871372866653460437714698046195739086321571074750144082135471831567323277586685916183042200413437056814640455582901924975456147298563615548220972422749287011663002236666618631,33.70082296503437513856083020472654330399791556332561650588524384719774907584570993171057225951197832657177500899633201620552116749316807684543453396596616789815019113045229197937224691470228934178675969539241960322759911,12646.33,86,ACCEPTED_2026_DAILY_CLOSE
2026-01-28,372.9024662999704115994504824754004866443149745177973956078801971482092916309110752802871843840389322237070419950004444627428851768238951352662243151681504607660755286122887655052871799831156308065740795156408908233281619,33.70082296503437513856083020472654330399791556332561650588524384719774907584570993171057225951197832657177500899633201620552116749316807684543453396596616789815019113045229197937224691470228934178675969539241960322759911,12567.12,86,ACCEPTED_2026_DAILY_CLOSE
2026-01-29,376.336210339991719268215355400307175234419957111358968555360916391280956358193780437191457835467818494939223982572891565438539127185001032643905715341878281565101101708671552965283729110333811328200096652546559256992799,33.70082296503437513856083020472654330399791556332561650588524384719774907584570993171057225951197832657177500899633201620552116749316807684543453396596616789815019113045229197937224691470228934178675969539241960322759911,12682.84,86,ACCEPTED_2026_DAILY_CLOSE
2026-01-30,376.973731863495502497245888538845199814081256377023247805072489610580945268197832634703455027862820409365627629332259228776044529220157964938750900985954864954895989696709784805743682947166533489513050145343122394715619,33.70082296503437513856083020472654330399791556332561650588524384719774907584570993171057225951197832657177500899633201620552116749316807684543453396596616789815019113045229197937224691470228934178675969539241960322759911,12704.325,86,ACCEPTED_2026_DAILY_CLOSE
2026-02-02,381.7182747539138138496236914798057509039087381588891975668891989380173765814441871202133824692404713801456979620569086367048518952155695399578000496273151303079913406321239379419012030188615816618721238586643447780616885,33.70082296503437513856083020472654330399791556332561650588524384719774907584570993171057225951197832657177500899633201620552116749316807684543453396596616789815019113045229197937224691470228934178675969539241960322759911,12864.22,86,ACCEPTED_2026_DAILY_CLOSE
2026-02-03,383.9048682408579044312974167289966762599823310323730578373684091093097285841529889091200184062936569083784968789616236989036311866268199165371410656902429138776439026911668657670580100114705319093541598318632620514521751,33.70082296503437513856083020472654330399791556332561650588524384719774907584570993171057225951197832657177500899633201620552116749316807684543453396596616789815019113045229197937224691470228934178675969539241960322759911,12937.91,86,ACCEPTED_2026_DAILY_CLOSE
2026-02-04,391.9456214379281943732426748104969741699948455778562503478102108763989068402804296576329809008339230834432797599880816654476020427351199171541831139021057282582172676899381044976997736002501945238565632518312713165268673,33.70082296503437513856083020472654330399791556332561650588524384719774907584570993171057225951197832657177500899633201620552116749316807684543453396596616789815019113045229197937224691470228934178675969539241960322759911,13208.89,86,ACCEPTED_2026_DAILY_CLOSE
2026-02-05,385.5303478339478390501613964976312113530168189901617111908336165076459348904141934415709007055442133371557085042573258444762886650297008451436860631108859317083613317805191738992616996173209633730136242179649948270842942,33.70082296503437513856083020472654330399791556332561650588524384719774907584570993171057225951197832657177500899633201620552116749316807684543453396596616789815019113045229197937224691470228934178675969539241960322759911,12992.69,86,ACCEPTED_2026_DAILY_CLOSE
2026-02-06,393.98118003752603144615375571827954276039582903722648802666587402948148720920190886402455676298412700849104751273151297589455901641963309171440558237702560819956841109135410190312462038669304955136732004056034887053131,33.70082296503437513856083020472654330399791556332561650588524384719774907584570993171057225951197832657177500899633201620552116749316807684543453396596616789815019113045229197937224691470228934178675969539241960322759911,13277.49,86,ACCEPTED_2026_DAILY_CLOSE
2026-02-09,394.2381470560758458638127930457051556465893059578991740076992565791271890458616757725865253776520682036938706721886283570676005235932174079198214216917895463962462668035445179021184858848066811044029345273007834422175851,33.70082296503437513856083020472654330399791556332561650588524384719774907584570993171057225951197832657177500899633201620552116749316807684543453396596616789815019113045229197937224691470228934178675969539241960322759911,13286.15,86,ACCEPTED_2026_DAILY_CLOSE
2026-02-10,394.9951018647601144313049457273018513425241323142918090395885855446539620081238759847592527864487402463756280391344728574976569725537411846403939460474047962111714514707474638760599996096194687392688150765788995996906658,33.70082296503437513856083020472654330399791556332561650588524384719774907584570993171057225951197832657177500899633201620552116749316807684543453396596616789815019113045229197937224691470228934178675969539241960322759911,13311.66,86,ACCEPTED_2026_DAILY_CLOSE
2026-02-11,396.6707286011929112171254812792330707054970701561378341376203537407847683263891227892043298846356500954637832140240000601352613501625525398505362608400975895098317877371900494953652634293050084390287631211784769972800372,33.70082296503437513856083020472654330399791556332561650588524384719774907584570993171057225951197832657177500899633201620552116749316807684543453396596616789815019113045229197937224691470228934178675969539241960322759911,13368.13,86,ACCEPTED_2026_DAILY_CLOSE
2026-02-12,394.4274599404116213816724533400441175650551700172400211854120718986121287361491252964462666896129763821458350783475655547447373383469665923760053772146756810030366501111397666404072690115924743270781331907423507132751411,33.70082296503437513856083020472654330399791556332561650588524384719774907584570993171057225951197832657177500899633201620552116749316807684543453396596616789815019113045229197937224691470228934178675969539241960322759911,13292.53,86,ACCEPTED_2026_DAILY_CLOSE
2026-02-13,398.7127019645480360135448924634318364851997175836809278968140110233374740235383892175297636169471567680277558921315205625250314149241753227606200265834815241867372890009389612760416601901796844728087137231049967987042039,34.12642720675061129183715958419512037882431280189611220857261456478342209199554892596044446331398409986561778164835644312503316696859360720421823392503090129390423288059835343302909170569174532283820312640709667966028853,13606.64,86,ACCEPTED_2026_DAILY_CLOSE
2026-02-17,398.5506574596692451703128452236046066874125229170888996274345476524421570142436502303607829139373234971447757081857788284370594083358823503930945957095106795969816507825268336342537896813066861679270800363984498016280092,34.12642720675061129183715958419512037882431280189611220857261456478342209199554892596044446331398409986561778164835644312503316696859360720421823392503090129390423288059835343302909170569174532283820312640709667966028853,13601.11,86,ACCEPTED_2026_DAILY_CLOSE
2026-02-18,397.261920149620561393577684715900887608446732422203293246366048728034192806507190798951782675533622366324980321217655597842301930984503521329122000802234414667966647374612661177503239051969531475577306159119256866472305,34.12642720675061129183715958419512037882431280189611220857261456478342209199554892596044446331398409986561778164835644312503316696859360720421823392503090129390423288059835343302909170569174532283820312640709667966028853,13557.13,86,ACCEPTED_2026_DAILY_CLOSE
2026-02-19,399.2675505540380730147381681390427942105343524863789487432335659831752366946045524584058304544681681575701120915913071330414418931790265762468938120443563781301410882171475755431760775654979887952198771693596925291992757,34.12642720675061129183715958419512037882431280189611220857261456478342209199554892596044446331398409986561778164835644312503316696859360720421823392503090129390423288059835343302909170569174532283820312640709667966028853,13625.575,86,ACCEPTED_2026_DAILY_CLOSE
2026-02-20,400.3658460120690805583360052803159257345636589202070052281855964819438239086506975767027289773327721074142155231377721169795738971094334601546666731735089692665194065716653178450001274309623580837258489682890627539213638,34.12642720675061129183715958419512037882431280189611220857261456478342209199554892596044446331398409986561778164835644312503316696859360720421823392503090129390423288059835343302909170569174532283820312640709667966028853,13663.0559,86,ACCEPTED_2026_DAILY_CLOSE
2026-02-23,397.2994277384532652415590627388627057171569691623909598258969190923643927652589567851319445742411425447572071992376464513020856865781771207197969649104952973216533050454205315900689667646923954593473768858795426090143537,34.12642720675061129183715958419512037882431280189611220857261456478342209199554892596044446331398409986561778164835644312503316696859360720421823392503090129390423288059835343302909170569174532283820312640709667966028853,13558.41,86,ACCEPTED_2026_DAILY_CLOSE
2026-02-24,400.5605367706342115242524691259101567471274744869889392290145463160424813664183603804368021579598305586029331795851324525046904990937512427418413052295215711722690333143329520701000895372920304232311043711546990836273214,34.12642720675061129183715958419512037882431280189611220857261456478342209199554892596044446331398409986561778164835644312503316696859360720421823392503090129390423288059835343302909170569174532283820312640709667966028853,13669.70,86,ACCEPTED_2026_DAILY_CLOSE
2026-02-25,397.5886464117179425693529698377948500397898102761817950914982397923167940096964023191930367150561614206369566414699196729021369894762696410213296959640381971590652669289155948494625077995163544591994066305076834518971822,34.12642720675061129183715958419512037882431280189611220857261456478342209199554892596044446331398409986561778164835644312503316696859360720421823392503090129390423288059835343302909170569174532283820312640709667966028853,13568.28,86,ACCEPTED_2026_DAILY_CLOSE
2026-02-26,398.240633795723927426841767502560828882604472361475218055999697297275347980186084500840382219932977022290900419551791930308534303506924005429546845502166821412602870972255529755390196555831763552077589185520462960928888,34.12642720675061129183715958419512037882431280189611220857261456478342209199554892596044446331398409986561778164835644312503316696859360720421823392503090129390423288059835343302909170569174532283820312640709667966028853,13590.53,86,ACCEPTED_2026_DAILY_CLOSE
2026-02-27,397.198333065427618151296754786348430346023909198603889748255120063505650688935837525505726956631029563826595692074389854086262282829603747362118350712448387044138485542071193368700403788994051128092108130158459943568988,34.12642720675061129183715958419512037882431280189611220857261456478342209199554892596044446331398409986561778164835644312503316696859360720421823392503090129390423288059835343302909170569174532283820312640709667966028853,13554.96,86,ACCEPTED_2026_DAILY_CLOSE
2026-03-02,396.0092252882158039707621296521370406183196850448417727190654955443497801216337564948877817616691789069674029498468673279940554062739204166796261292177400916639786665722404266953275673965770038926315846208362760120406007,34.12642720675061129183715958419512037882431280189611220857261456478342209199554892596044446331398409986561778164835644312503316696859360720421823392503090129390423288059835343302909170569174532283820312640709667966028853,13514.38,86,ACCEPTED_2026_DAILY_CLOSE
2026-03-03,389.689782625980716583524641814679467708593391772285386358419009004153746446316684167064566859119333843925177548447470877105801709921070069341373973289972940809240703067220635153198787298285717377121074516833757858432616,34.12642720675061129183715958419512037882431280189611220857261456478342209199554892596044446331398409986561778164835644312503316696859360720421823392503090129390423288059835343302909170569174532283820312640709667966028853,13298.72,86,ACCEPTED_2026_DAILY_CLOSE
2026-03-04,390.2562058229620957878059208645637989909128262940256949383656684904840317609039001927384180325696190385306037610462390000570673315036565351396138609561314265090556192990301156804609097099520930070237832264246355172902732,34.12642720675061129183715958419512037882431280189611220857261456478342209199554892596044446331398409986561778164835644312503316696859360720421823392503090129390423288059835343302909170569174532283820312640709667966028853,13318.05,86,ACCEPTED_2026_DAILY_CLOSE
2026-03-05,382.7744419539807975153942427117212630282186987482508148359685900024336340876347074782913832193739618672435577514667772682471769371806363927545550837835258140957066598153730015242788308690539240853348782552356433221793509,34.12320303655572330496029268239088478280069915883120118819252013578136591361822764245320161124155907369441084341543003837312828315685513275592046482823524004039067695601689498487154118358656552491679700265338790379414325,13061.49,86,ACCEPTED_2026_DAILY_CLOSE
2026-03-06,377.0554594835796907017666101471981952557090632425986153920124050389283277487559185220246354413439799388117647251582365440343622752017349663440880218633042266182613488544512352290504140617757442386823829050490079693732545,34.12320303655572330496029268239088478280069915883120118819252013578136591361822764245320161124155907369441084341543003837312828315685513275592046482823524004039067695601689498487154118358656552491679700265338790379414325,12866.34,86,ACCEPTED_2026_DAILY_CLOSE
2026-03-09,379.0280175675289528059186775205932641348667550995571065248471004521670782979228736060436710187931118045701249024619919944405347317623286379387000533152648469262646482691560473701307355339658251276302663896560406396134715,34.12320303655572330496029268239088478280069915883120118819252013578136591361822764245320161124155907369441084341543003837312828315685513275592046482823524004039067695601689498487154118358656552491679700265338790379414325,12933.65,86,ACCEPTED_2026_DAILY_CLOSE
2026-03-10,377.8232787362120110406280027219608002227954594146187347200042485970071830941122643717391005726772959883605107905113315224968827052971873435095450592954834326883841443513544908443957773500098664539118886951326628241130485,34.10697732311250985026455669139091927102218154780671762111691626534764802266178826919034950144199471341690057936104439358329751311580603531889001241467111493059967421021199815341584538400338077985424789226565371154305141,12886.41,86,ACCEPTED_2026_DAILY_CLOSE
2026-03-11,376.3817848291373592545361062392456605723455871257407826687728343487974910109935346807051700303729863119442129610137841361958446940740510149476223218658763937250014484370514115894004203503945170211213304242336151166640757,34.10697732311250985026455669139091927102218154780671762111691626534764802266178826919034950144199471341690057936104439358329751311580603531889001241467111493059967421021199815341584538400338077985424789226565371154305141,12837.245,86,ACCEPTED_2026_DAILY_CLOSE
2026-03-12,370.2669069839326531321456673002632640403039850802127509428535064609379693826961226119156540351937566543954877434808138750965975137486709135569052239645473172233621713113105347578773519920140171186948312280838054987334793,34.10697732311250985026455669139091927102218154780671762111691626534764802266178826919034950144199471341690057936104439358329751311580603531889001241467111493059967421021199815341584538400338077985424789226565371154305141,12628.685,86,ACCEPTED_2026_DAILY_CLOSE
2026-03-13,367.3927150239910663409204336543654680485700080543059953325165688274182680726558689434104936352732547205179391575834362633994398560612092174534721730091038507415070776373731634700263432119409426775993684538290786247128791,34.10697732311250985026455669139091927102218154780671762111691626534764802266178826919034950144199471341690057936104439358329751311580603531889001241467111493059967421021199815341584538400338077985424789226565371154305141,12530.655,86,ACCEPTED_2026_DAILY_CLOSE
2026-03-16,368.8946071299587066895944374645369930886248175325481003630124336675391157683287445342416355457693040070922268890186414879142506386281808116888935545779357549599404875470685816503810093831053131585247492618592569795196244,34.10697732311250985026455669139091927102218154780671762111691626534764802266178826919034950144199471341690057936104439358329751311580603531889001241467111493059967421021199815341584538400338077985424789226565371154305141,12581.88,86,ACCEPTED_2026_DAILY_CLOSE
2026-03-17,367.7948321588538518437425705456588299992650146330095672308718794429821026484714568151186266035983560570795078493674058027692910982848503187699934858098169706313228749416478859755132001477636726170018398600200770851555245,34.10697732311250985026455669139091927102218154780671762111691626534764802266178826919034950144199471341690057936104439358329751311580603531889001241467111493059967421021199815341584538400338077985424789226565371154305141,12544.37,86,ACCEPTED_2026_DAILY_CLOSE
2026-03-18,363.8279019111735836314323174365088575655038487490435972820951002752251345035316799983406178092574001083532778822969662346511085920611068985639903052092712089767784071860248487905061463076750571739719906979608651494727009,34.10697732311250985026455669139091927102218154780671762111691626534764802266178826919034950144199471341690057936104439358329751311580603531889001241467111493059967421021199815341584538400338077985424789226565371154305141,12409.07,86,ACCEPTED_2026_DAILY_CLOSE
2026-03-19,362.0662389109380410184488617228113254614200375728566401174812586174669864548346623336243823443056163819732665920425141914110421036172515888590553376824139134186608584417779146496255193307221786899036352884832025540883516,34.10697732311250985026455669139091927102218154780671762111691626534764802266178826919034950144199471341690057936104439358329751311580603531889001241467111493059967421021199815341584538400338077985424789226565371154305141,12348.985,86,ACCEPTED_2026_DAILY_CLOSE
2026-03-20,357.5730233864960520787848093283011016959071131699166187231720094862123274140954103220114492494589681991033867512919978291485774393246523342650421268395932336436502177651391086732594365443690351818155023684124395892443551,34.10697732311250985026455669139091927102218154780671762111691626534764802266178826919034950144199471341690057936104439358329751311580603531889001241467111493059967421021199815341584538400338077985424789226565371154305141,12195.735,86,ACCEPTED_2026_DAILY_CLOSE
2026-03-23,362.3446276966122771357872641860144221965165805888821898932657044282419488534762231678838590146845326919005064555852623340517083482336185051551085542367537656500717950370450302303471895170609917248745770312308168728563369,34.10697732311250985026455669139091927102218154780671762111691626534764802266178826919034950144199471341690057936104439358329751311580603531889001241467111493059967421021199815341584538400338077985424789226565371154305141,12358.48,86,ACCEPTED_2026_DAILY_CLOSE
2026-03-24,365.0971436733471151237524272450461990781241064808757246958611517916493706527884644654383266097527436635665705302975525532308286267575285738095030745233704404773344309047308449452656094321202616272518293544689455980736575,34.10697732311250985026455669139091927102218154780671762111691626534764802266178826919034950144199471341690057936104439358329751311580603531889001241467111493059967421021199815341584538400338077985424789226565371154305141,12452.36,86,ACCEPTED_2026_DAILY_CLOSE
2026-03-25,366.3728357286063055887754805545740283507992604173972276705195232742000408965898664558153492456860399926802310319031314564741554622770782871366516213669014537041580066035272850629275230506143906584878141071754963099846676,34.10697732311250985026455669139091927102218154780671762111691626534764802266178826919034950144199471341690057936104439358329751311580603531889001241467111493059967421021199815341584538400338077985424789226565371154305141,12495.87,86,ACCEPTED_2026_DAILY_CLOSE
2026-03-26,362.5997074686360637835854844524564381623238395925074961649165394523327516831951888612021788706399378415968715754190600002943409262391363747470688474461014975524704415224398596723986408726321000349585362899885045582993566,34.10697732311250985026455669139091927102218154780671762111691626534764802266178826919034950144199471341690057936104439358329751311580603531889001241467111493059967421021199815341584538400338077985424789226565371154305141,12367.18,86,ACCEPTED_2026_DAILY_CLOSE
2026-03-27,357.3412086488516763166219784620225040828433093409323102131941557944911857390180537410664727045036336225431211398016620534994539361061894565720726948557187690130393098988432214337675054934698434744960973248069616944219143,34.10697732311250985026455669139091927102218154780671762111691626534764802266178826919034950144199471341690057936104439358329751311580603531889001241467111493059967421021199815341584538400338077985424789226565371154305141,12187.8285,86,ACCEPTED_2026_DAILY_CLOSE
2026-03-30,353.9794771499333612181653993333050457362327798619470022651392974485468965147270160459700845201285966850189050372196517414441795171124342093755463409541099278255479066752060890680828692575215765582016556385692222138048482,34.10697732311250985026455669139091927102218154780671762111691626534764802266178826919034950144199471341690057936104439358329751311580603531889001241467111493059967421021199815341584538400338077985424789226565371154305141,12073.17,86,ACCEPTED_2026_DAILY_CLOSE
2026-03-31,362.9518348320849922479598092110735199725934005848684074663563703304167220262899909274956296143209051804305894017643370085212394620835351809309128843937183090637127109810136414653915064795756644952008754506413584780890884,34.10697732311250985026455669139091927102218154780671762111691626534764802266178826919034950144199471341690057936104439358329751311580603531889001241467111493059967421021199815341584538400338077985424789226565371154305141,12379.19,86,ACCEPTED_2026_DAILY_CLOSE
2026-04-01,367.4800626908393928572535991359889516358677320627578027554793179078134310568250978141428909861784400058542846048393680092773447127293492246825176564925770069739973264198185606817425272526372817831963138310513879459384971,34.11157848458830898505850862279148932731686698709513933678872235687408315874079224169659166136258791306658737017429897196340833675183580754784704000054163640752458621624236476358308608891147942329556809124313799296197114,12535.325,86,ACCEPTED_2026_DAILY_CLOSE
2026-04-02,366.9580991584849947551044007440353099645208284149164103162676254103832792147335069805122659984729830572467107655181565570489275697665504090997168733558134740293650953131735499243079632746205006624714973330537795901617275,34.11157848458830898505850862279148932731686698709513933678872235687408315874079224169659166136258791306658737017429897196340833675183580754784704000054163640752458621624236476358308608891147942329556809124313799296197114,12517.52,86,ACCEPTED_2026_DAILY_CLOSE
2026-04-06,368.393388939112421381401775260746924467702204578820626762423450441227437270830349845693698146636935441623392325370249379351837051342435273516112624121100897391858441843998583717287252932789644367649088781633555220536939,34.11157848458830898505850862279148932731686698709513933678872235687408315874079224169659166136258791306658737017429897196340833675183580754784704000054163640752458621624236476358308608891147942329556809124313799296197114,12566.48,86,ACCEPTED_2026_DAILY_CLOSE
2026-04-07,367.6118361296449541866083111141878631389682280974136330848394166315398299633233680077497238600754368597712205446174553711288883834745208436684592189862446329546837560083818475873683831965398614595601470328766757616765808,34.11157848458830898505850862279148932731686698709513933678872235687408315874079224169659166136258791306658737017429897196340833675183580754784704000054163640752458621624236476358308608891147942329556809124313799296197114,12539.82,86,ACCEPTED_2026_DAILY_CLOSE
2026-04-08,379.3219362699967835549597459732657719072648111993650068474404033262027984173242643005749499953714086722562174621607249354445990128758118790264919527116135312828693620487833947402600754750460798630158027545921858832733589,34.11157848458830898505850862279148932731686698709513933678872235687408315874079224169659166136258791306658737017429897196340833675183580754784704000054163640752458621624236476358308608891147942329556809124313799296197114,12939.27,86,ACCEPTED_2026_DAILY_CLOSE
2026-04-09,381.7864953357105857704993757857646573501254789710036399485090350734059922036000318593127563821390450479618469298234178188393212374690439164343022216421223891685886357997323447193403222389815355675558377440141984904147812,34.11157848458830898505850862279148932731686698709513933678872235687408315874079224169659166136258791306658737017429897196340833675183580754784704000054163640752458621624236476358308608891147942329556809124313799296197114,13023.34,86,ACCEPTED_2026_DAILY_CLOSE
2026-04-10,378.6860817899761772738243282186196338644951206561647933115515176048177945726195967812574405326737753549128714034762499902699644815159070034302578057733152426241177140452377455782968239904527643612735241900559249881990464,34.11157848458830898505850862279148932731686698709513933678872235687408315874079224169659166136258791306658737017429897196340833675183580754784704000054163640752458621624236476358308608891147942329556809124313799296197114,12917.58,86,ACCEPTED_2026_DAILY_CLOSE
2026-04-13,381.1788893285783084987001539070234072104453630616175216529697358103486319598523683797192834394163052052423850694860318573977562236019193238313613538181507132784664524350164137469790896170232647323639906974487601402226083,34.11157848458830898505850862279148932731686698709513933678872235687408315874079224169659166136258791306658737017429897196340833675183580754784704000054163640752458621624236476358308608891147942329556809124313799296197114,13002.6136,86,ACCEPTED_2026_DAILY_CLOSE
2026-04-14,380.8999928241465869719039385842663072158075701638863297905892607896493063454225700896418718200377803399644847899147722521228183223780562060594695520517978041505780394130462944354413492148182409261226194963619841304771505,34.11157848458830898505850862279148932731686698709513933678872235687408315874079224169659166136258791306658737017429897196340833675183580754784704000054163640752458621624236476358308608891147942329556809124313799296197114,12993.10,86,ACCEPTED_2026_DAILY_CLOSE
2026-04-15,375.098590227388731738833699001246598226692406030801670607337483941632462830077702466989103949104255889265477492387609076680941854721607365297977781265511965786186274467833466362287008387543267610433905041364134899000384,34.11157848458830898505850862279148932731686698709513933678872235687408315874079224169659166136258791306658737017429897196340833675183580754784704000054163640752458621624236476358308608891147942329556809124313799296197114,12795.205,86,ACCEPTED_2026_DAILY_CLOSE
2026-04-16,375.9922750509677166388066455319237544384874275250136811947774415818547699857172501537753776222410632511470775200038478366463053258376378001781621044289063101735557530011709082572823851283375148704898461220413093289838056,34.11157848458830898505850862279148932731686698709513933678872235687408315874079224169659166136258791306658737017429897196340833675183580754784704000054163640752458621624236476358308608891147942329556809124313799296197114,12825.69,86,ACCEPTED_2026_DAILY_CLOSE
2026-04-17,382.295706599793477937549731083053888230849753970329952033266524468540040925707919125820139478822211978448426968520943397340169638101664833405560272924660022824767341462322843840746577577265808977664799416028714476926575,34.11157848458830898505850862279148932731686698709513933678872235687408315874079224169659166136258791306658737017429897196340833675183580754784704000054163640752458621624236476358308608891147942329556809124313799296197114,13040.71,86,ACCEPTED_2026_DAILY_CLOSE
2026-04-20,384.1534335891390666897651032873842601889094722609061406809972154857907414162074479731760903617705302504653859237461705654229999862933279024020267501713157421564912664961950332088245511401371046597951909621173660638725954,34.11157848458830898505850862279148932731686698709513933678872235687408315874079224169659166136258791306658737017429897196340833675183580754784704000054163640752458621624236476358308608891147942329556809124313799296197114,13104.08,86,ACCEPTED_2026_DAILY_CLOSE
2026-04-21,381.5477201056613539512348309442896553050190184143247215875217149166203372328706857576603306295492698810756526629730237004231203034936439527767952079578236542158209007610564889137068190881280291239555215195721586107291991,34.11157848458830898505850862279148932731686698709513933678872235687408315874079224169659166136258791306658737017429897196340833675183580754784704000054163640752458621624236476358308608891147942329556809124313799296197114,13015.195,86,ACCEPTED_2026_DAILY_CLOSE
2026-04-22,380.9633144321154440289464698129447607968302779358232805161549589527747839067209602160469350030450135333928677999082469354597113877416981853719575998796781316518645105835238694557198472879727619719392779426228565847584099,34.11157848458830898505850862279148932731686698709513933678872235687408315874079224169659166136258791306658737017429897196340833675183580754784704000054163640752458621624236476358308608891147942329556809124313799296197114,12995.26,86,ACCEPTED_2026_DAILY_CLOSE
2026-04-23,385.0896259736230713734008601336094523694465892501684191166178501336667256384593408837065036716483043394169652867746955711469259318432846659873535128487964175053724965097141805572476233467063776219039814627381817247392698,34.11157848458830898505850862279148932731686698709513933678872235687408315874079224169659166136258791306658737017429897196340833675183580754784704000054163640752458621624236476358308608891147942329556809124313799296197114,13136.015,86,ACCEPTED_2026_DAILY_CLOSE
2026-04-24,381.433682580198921566098050166715958809566086362086416808609415909880472550717566502236397397189021213281018445901441979043252699667455388181619973675205842188041098514224189455890449873048822240517187558481976274083783,34.11157848458830898505850862279148932731686698709513933678872235687408315874079224169659166136258791306658737017429897196340833675183580754784704000054163640752458621624236476358308608891147942329556809124313799296197114,13011.305,86,ACCEPTED_2026_DAILY_CLOSE
2026-04-27,379.8458053137020963370662427586750151910036018866396871557084709998381150934364085407872088288618055086289972716900733573104689564166832541719370521024567963050866027045399991904345016635976035152119538817596816045724813,34.11157848458830898505850862279148932731686698709513933678872235687408315874079224169659166136258791306658737017429897196340833675183580754784704000054163640752458621624236476358308608891147942329556809124313799296197114,12957.14,86,ACCEPTED_2026_DAILY_CLOSE
2026-04-28,378.1047542501509756806977567997799419609394284721325095671219830794575075168107652041220688108990372874661884922861560224132100897746938322419994777979139026470294162162700082393511680688536197600955903986887487065335962,34.11157848458830898505850862279148932731686698709513933678872235687408315874079224169659166136258791306658737017429897196340833675183580754784704000054163640752458621624236476358308608891147942329556809124313799296197114,12897.75,86,ACCEPTED_2026_DAILY_CLOSE
2026-04-29,375.6583708311689750278277424325498718978167601535498530632064683975958859935002762927783083377723659950594467404549234647911145783876923629701811485217040276551979258568470288679434531592495543557436703336564309705284613,34.11157848458830898505850862279148932731686698709513933678872235687408315874079224169659166136258791306658737017429897196340833675183580754784704000054163640752458621624236476358308608891147942329556809124313799296197114,12814.30,86,ACCEPTED_2026_DAILY_CLOSE
2026-04-30,384.0335329518276660586058659145625587322507339334884886126806851676503695524526259282702068346873896203162717983418597066971237653038391545371766966453756775822960502520962916195009135849509976795219812189659918333122478,34.11157848458830898505850862279148932731686698709513933678872235687408315874079224169659166136258791306658737017429897196340833675183580754784704000054163640752458621624236476358308608891147942329556809124313799296197114,13099.99,86,ACCEPTED_2026_DAILY_CLOSE
2026-05-01,381.7129132820060342829175455154021950869926102175028314664859321153296270744986618513142801833667509204131240802476671451469130920696266163998832401384281197110751901340384959689241045706399393522781466791462402217823919,34.11157848458830898505850862279148932731686698709513933678872235687408315874079224169659166136258791306658737017429897196340833675183580754784704000054163640752458621624236476358308608891147942329556809124313799296197114,13020.83,86,ACCEPTED_2026_DAILY_CLOSE
2026-05-04,376.8866927635278225695323991370069112704331748036231101933929281360021405390570106892468950822182321083229875361616777387799198740990807579670557799977159361292271582841666554187161704116451246426501466754761327457065937,34.11157848458830898505850862279148932731686698709513933678872235687408315874079224169659166136258791306658737017429897196340833675183580754784704000054163640752458621624236476358308608891147942329556809124313799296197114,12856.20,86,ACCEPTED_2026_DAILY_CLOSE
2026-05-05,382.5249542730881363570277839572508822139967793298424310489719687442998717263344981945643960024872877065085913843306526675691065691867019992498457053385600973896100287554407311826807696754456027639084424946213175290003935,34.11157848458830898505850862279148932731686698709513933678872235687408315874079224169659166136258791306658737017429897196340833675183580754784704000054163640752458621624236476358308608891147942329556809124313799296197114,13048.53,86,ACCEPTED_2026_DAILY_CLOSE
2026-05-06,387.1609168120673284869842138198484050394278011141523327808976666686809002188008938379424940398779623401958549030195815670581201602081569105817252810334651858402778763940165245654778461979715093312447233704057480475366671,34.11157848458830898505850862279148932731686698709513933678872235687408315874079224169659166136258791306658737017429897196340833675183580754784704000054163640752458621624236476358308608891147942329556809124313799296197114,13206.67,86,ACCEPTED_2026_DAILY_CLOSE
2026-05-07,382.0503353689141568415099225719248806043867613540742679716994440864288153756766573860005196446691833539134428047962289994097090098175521635696690875916237537572822656767222406371673975437920399251252479367678337165866951,34.11157848458830898505850862279148932731686698709513933678872235687408315874079224169659166136258791306658737017429897196340833675183580754784704000054163640752458621624236476358308608891147942329556809124313799296197114,13032.34,86,ACCEPTED_2026_DAILY_CLOSE
2026-05-08,378.4939182991262430104383133093662712609748199871616859013278363736661716956237878559865196231309912887447924078710525137545320539887434967666656050734284154153525202848301047181461041434491136875104704330003606651371691,34.11157848458830898505850862279148932731686698709513933678872235687408315874079224169659166136258791306658737017429897196340833675183580754784704000054163640752458621624236476358308608891147942329556809124313799296197114,12911.025,86,ACCEPTED_2026_DAILY_CLOSE
2026-05-11,379.1041216648076132152254834598023875984691080764522550460732101076739566208210056713204965464159722707872888675998374830403788852592100705580724178221918491835367320503350695547650566400747412656001674510189070243336567,34.11157848458830898505850862279148932731686698709513933678872235687408315874079224169659166136258791306658737017429897196340833675183580754784704000054163640752458621624236476358308608891147942329556809124313799296197114,12931.84,86,ACCEPTED_2026_DAILY_CLOSE
2026-05-12,379.1961725208364146777780520051960654894002665967680074897196416966619193719677394661871161735653760797526234284236849393727141747230229478919670799423512141622587318074182110194291695797530727859077172293796197587980799,34.11157848458830898505850862279148932731686698709513933678872235687408315874079224169659166136258791306658737017429897196340833675183580754784704000054163640752458621624236476358308608891147942329556809124313799296197114,12934.98,86,ACCEPTED_2026_DAILY_CLOSE
2026-05-13,378.8720890133846948788867637028625912587493247362295860679007559589988849089336177775723136327575228606087464953320818725720878610216053176606914462677137046591467231085156222003649120803441699333599583759472378226502457,34.11157848458830898505850862279148932731686698709513933678872235687408315874079224169659166136258791306658737017429897196340833675183580754784704000054163640752458621624236476358308608891147942329556809124313799296197114,12923.925,86,ACCEPTED_2026_DAILY_CLOSE
2026-05-14,379.5769816354269022569366078665539877197173841696666139365244653721248608169983356430397878158172090346760934746344424099959738594793698512573465897961315170519398709298736274608262482696962340753328992742540332685728757,34.11157848458830898505850862279148932731686698709513933678872235687408315874079224169659166136258791306658737017429897196340833675183580754784704000054163640752458621624236476358308608891147942329556809124313799296197114,12947.97,86,ACCEPTED_2026_DAILY_CLOSE
2026-05-15,372.9557694243870620237763748529819850300003576096297200123260454075321006341953754810733199852553159477619329944834276051484424969644728848135732183123117163850128438168805283496681117869739547197076785925500274704408233,34.11157848458830898505850862279148932731686698709513933678872235687408315874079224169659166136258791306658737017429897196340833675183580754784704000054163640752458621624236476358308608891147942329556809124313799296197114,12722.11,86,ACCEPTED_2026_DAILY_CLOSE
2026-05-18,372.1528162566708607310009441337677055928651882238181087284165673112326421138421784615202271229552617033159095483161722456125623764505127860316067229393292301534218968912412784397477126093339864581714402392697975987909654,34.11157848458830898505850862279148932731686698709513933678872235687408315874079224169659166136258791306658737017429897196340833675183580754784704000054163640752458621624236476358308608891147942329556809124313799296197114,12694.72,86,ACCEPTED_2026_DAILY_CLOSE
2026-05-19,370.568750012875864861883733512637965199086477827237954813628372753600614324602127313234306246197925774194300314521077563154684234355885771147212433874739648425637420179780275559771488820952252795808875820887277660324369,34.11157848458830898505850862279148932731686698709513933678872235687408315874079224169659166136258791306658737017429897196340833675183580754784704000054163640752458621624236476358308608891147942329556809124313799296197114,12640.685,86,ACCEPTED_2026_DAILY_CLOSE
2026-05-20,374.2673475450012586589999152099606948517392213672497086520525897678255571584962894881856009147662479264590884885149356294505701563947238822398302830434996110181409550053836331678440394688875063816693910396386541392109819,34.11157848458830898505850862279148932731686698709513933678872235687408315874079224169659166136258791306658737017429897196340833675183580754784704000054163640752458621624236476358308608891147942329556809124313799296197114,12766.85,86,ACCEPTED_2026_DAILY_CLOSE
2026-05-21,373.0346282787556849327784160590676517582184520107919410548129565458689222267382779996055514492782128414296877615586345024522583978108603497906995371349960131343001620801141750184408709614117610221367578612730584435966509,34.11157848458830898505850862279148932731686698709513933678872235687408315874079224169659166136258791306658737017429897196340833675183580754784704000054163640752458621624236476358308608891147942329556809124313799296197114,12724.80,86,ACCEPTED_2026_DAILY_CLOSE
2026-05-22,377.3012147712498775633200804210408620276836784588029635542720818520179982782973979056207809191266938467847170552856277491427291075444037151330655005005991911607969278909041141162800420572029614888758644672023996454922451,34.11157848458830898505850862279148932731686698709513933678872235687408315874079224169659166136258791306658737017429897196340833675183580754784704000054163640752458621624236476358308608891147942329556809124313799296197114,12870.34,86,ACCEPTED_2026_DAILY_CLOSE
2026-05-26,380.121371570603603900121702735331248367676496820069009757707342635661952628716439646438872680837727739289552963328342812572873963091791867846653556538602665986611060576062779371276113648621908066451115638635700618574258,34.11157848458830898505850862279148932731686698709513933678872235687408315874079224169659166136258791306658737017429897196340833675183580754784704000054163640752458621624236476358308608891147942329556809124313799296197114,12966.54,86,ACCEPTED_2026_DAILY_CLOSE
2026-05-27,380.5045259299336787776892412347883725824759369030393551202738588356850969463877169390843244409787174791548149728721919381345370947134588445199029940897118698948583652974247726652760996746078293946102479963345908859150263,34.11157848458830898505850862279148932731686698709513933678872235687408315874079224169659166136258791306658737017429897196340833675183580754784704000054163640752458621624236476358308608891147942329556809124313799296197114,12979.61,86,ACCEPTED_2026_DAILY_CLOSE
2026-05-28,381.6079635799095026791155724604629062814086778917925149861501916412605485238281819195873699078269847942679337210918155866533588448465533358727039756829597991302392795829691818149440012827264276189338701802509053207051195,34.11157848458830898505850862279148932731686698709513933678872235687408315874079224169659166136258791306658737017429897196340833675183580754784704000054163640752458621624236476358308608891147942329556809124313799296197114,13017.25,86,ACCEPTED_2026_DAILY_CLOSE
2026-05-29,377.5618300929365160990182760798146825532817673905249505682901636437705425004930868980934715195592415734413489806754379041728121404530968614701112158662733168489620800693974668617781197749546707931860929798223793300109467,34.11157848458830898505850862279148932731686698709513933678872235687408315874079224169659166136258791306658737017429897196340833675183580754784704000054163640752458621624236476358308608891147942329556809124313799296197114,12879.23,86,ACCEPTED_2026_DAILY_CLOSE
2026-06-01,374.9888034580168013320631992552277053281136835280683926132432526356579658545858177339395846804181038941778412088572559798769304983388114335733167909343027868545576473690193374498134087190415632972008560222683166854432931,34.11157848458830898505850862279148932731686698709513933678872235687408315874079224169659166136258791306658737017429897196340833675183580754784704000054163640752458621624236476358308608891147942329556809124313799296197114,12791.46,86,ACCEPTED_2026_DAILY_CLOSE
2026-06-02,379.4770155784019936622537229175755031311583871778587426521823215127462133706893030823725352907919010765322110375614106182465269368451017265093909216974871111355570622764807891186273230708735874242982671901107114773232949,34.11157848458830898505850862279148932731686698709513933678872235687408315874079224169659166136258791306658737017429897196340833675183580754784704000054163640752458621624236476358308608891147942329556809124313799296197114,12944.56,86,ACCEPTED_2026_DAILY_CLOSE
2026-06-03,379.9624812394965644329131290041103139189991467627086982148526740967082080073102940514780196938473555594831474475113831904960404379663569012384659550445696219787533412501421976074291416317249154422259819447774002934796165,34.11157848458830898505850862279148932731686698709513933678872235687408315874079224169659166136258791306658737017429897196340833675183580754784704000054163640752458621624236476358308608891147942329556809124313799296197114,12961.12,86,ACCEPTED_2026_DAILY_CLOSE
2026-06-04,384.0902585589664338388731334735870067319169096458486736376666231054502765344491004165080759361313693560958649114610141105197571363587684276712805728245184709688651806756491192418337347754852561163994044104080234069392093,34.11157848458830898505850862279148932731686698709513933678872235687408315874079224169659166136258791306658737017429897196340833675183580754784704000054163640752458621624236476358308608891147942329556809124313799296197114,13101.925,86,ACCEPTED_2026_DAILY_CLOSE
2026-06-05,381.9975673622734426273078132146928359535345048774601423670613622838242507412613322806629669921631556927231236298016667632956314553478505141425957144017234808395435397013242614536019824828299390536113658982171066713523123,34.11157848458830898505850862279148932731686698709513933678872235687408315874079224169659166136258791306658737017429897196340833675183580754784704000054163640752458621624236476358308608891147942329556809124313799296197114,13030.54,86,ACCEPTED_2026_DAILY_CLOSE
2026-06-08,382.6703594469425488583847075194014052519007749542902438261969052670324498300567273737167633116150083728996931109823352737501202748365465443377812225729519605407122958876484960440610245100967251654133618897388764980906927,34.11157848458830898505850862279148932731686698709513933678872235687408315874079224169659166136258791306658737017429897196340833675183580754784704000054163640752458621624236476358308608891147942329556809124313799296197114,13053.49,86,ACCEPTED_2026_DAILY_CLOSE
2026-06-09,387.705599902836478542470431518388065935447204078313695966550755497788017389599082980815676419634625642927038387130118426502320694678743936334515988738102447402269836740068998582503074993902528327204683523890474992233796,34.11157848458830898505850862279148932731686698709513933678872235687408315874079224169659166136258791306658737017429897196340833675183580754784704000054163640752458621624236476358308608891147942329556809124313799296197114,13225.25,86,ACCEPTED_2026_DAILY_CLOSE
2026-06-10,379.0991380197359902061063953538415833814441727425498098500796134929835255164595583002608387959015141027859809455170177162962715606704049147788488214653679345190836301526585937429838785509838761832905230362668939145059649,34.11157848458830898505850862279148932731686698709513933678872235687408315874079224169659166136258791306658737017429897196340833675183580754784704000054163640752458621624236476358308608891147942329556809124313799296197114,12931.67,86,ACCEPTED_2026_DAILY_CLOSE
2026-06-11,386.4529460563044127797725799436518059738266933862461475853367358170696580403952820079969959520887578858924059718425382325275796377396597807684908574023031908606166362240936371859751941300633226384334726865168268573086982,34.11157848458830898505850862279148932731686698709513933678872235687408315874079224169659166136258791306658737017429897196340833675183580754784704000054163640752458621624236476358308608891147942329556809124313799296197114,13182.52,86,ACCEPTED_2026_DAILY_CLOSE
2026-06-12,388.5695294337819495938794108281815969691227587259905190602642392326527505986099890109810523470527562958596528799577568144366904336910259411211006042416363601165810892372792466600990649086542575958236300106071005605989407,34.11157848458830898505850862279148932731686698709513933678872235687408315874079224169659166136258791306658737017429897196340833675183580754784704000054163640752458621624236476358308608891147942329556809124313799296197114,13254.72,86,ACCEPTED_2026_DAILY_CLOSE
2026-06-15,390.026219572658110318158751917548429580705327794299353112745508550108759867553047057771603070955264342830186105224310988052531367912956474471809445245050005273490696858126794233079884008213586654448518063710226603763652,34.11157848458830898505850862279148932731686698709513933678872235687408315874079224169659166136258791306658737017429897196340833675183580754784704000054163640752458621624236476358308608891147942329556809124313799296197114,13304.41,86,ACCEPTED_2026_DAILY_CLOSE
2026-06-16,391.4547667746592234615303013497248383785000267417473201760864675728423346648079317150487923801878909704992157704937653024075309397510461281280791538805168382076063172920954195748258150752597952482660023629196315561366924,34.11157848458830898505850862279148932731686698709513933678872235687408315874079224169659166136258791306658737017429897196340833675183580754784704000054163640752458621624236476358308608891147942329556809124313799296197114,13353.14,86,ACCEPTED_2026_DAILY_CLOSE
2026-06-17,388.2709504628732416651858087151769443197170741624822583473537596995819223755432744566127335882894831129577635481135254950912016046499641081129104342754506491903761314264856811130914246887103701645075808091409033629810582,34.11157848458830898505850862279148932731686698709513933678872235687408315874079224169659166136258791306658737017429897196340833675183580754784704000054163640752458621624236476358308608891147942329556809124313799296197114,13244.535,86,ACCEPTED_2026_DAILY_CLOSE
2026-06-18,390.1176841175020149561090748034173069755159056870971708274515170079566719005396105736900276686323789555600726752148855306502657956604393334787366254408771449975711552154832914845932701138812281650725802638648201488365821,34.11157848458830898505850862279148932731686698709513933678872235687408315874079224169659166136258791306658737017429897196340833675183580754784704000054163640752458621624236476358308608891147942329556809124313799296197114,13307.53,86,ACCEPTED_2026_DAILY_CLOSE
2026-06-22,391.6772718693275683980825291393866266562603748848035498089770458404915822065925525758888060649216409418517282917208360646885579610982880832122385441645963223440712784883568984655266485823166539231495382921418639302083398,34.11157848458830898505850862279148932731686698709513933678872235687408315874079224169659166136258791306658737017429897196340833675183580754784704000054163640752458621624236476358308608891147942329556809124313799296197114,13360.73,86,ACCEPTED_2026_DAILY_CLOSE
2026-06-23,388.0139995860922082832516484284331268948726141527473633892133224774546951418486497075662619220587428627726815654316710509023739574683335763194114809368529313437206129962838546997853896835254734207191496603091686121591887,34.11157848458830898505850862279148932731686698709513933678872235687408315874079224169659166136258791306658737017429897196340833675183580754784704000054163640752458621624236476358308608891147942329556809124313799296197114,13235.77,86,ACCEPTED_2026_DAILY_CLOSE
2026-06-24,393.2732109146167249653952143658935770964808429886218819848088088037096370385760518728756762884928330947411593398897072502721035529485979692177243421969134654783469685442824466618050907594148602816027261691982974538526722,34.11157848458830898505850862279148932731686698709513933678872235687408315874079224169659166136258791306658737017429897196340833675183580754784704000054163640752458621624236476358308608891147942329556809124313799296197114,13415.17,86,ACCEPTED_2026_DAILY_CLOSE
2026-06-25,400.145217734996181922166028241198992001776232969455356213273223113459091914391848854932567975826429871368197898973210905095153514623660275021838106813842618818193329390347607948186630490209791279339758428569786514195916,34.11157848458830898505850862279148932731686698709513933678872235687408315874079224169659166136258791306658737017429897196340833675183580754784704000054163640752458621624236476358308608891147942329556809124313799296197114,13649.585,86,ACCEPTED_2026_DAILY_CLOSE
2026-06-26,400.0348446544393546907932828356552986070769298392041434902385686763445442207397938429348536776679886800451136246095848945565412965245343249702096345583012146319231608918068348225623039876973969564232218312678491112473321,34.11157848458830898505850862279148932731686698709513933678872235687408315874079224169659166136258791306658737017429897196340833675183580754784704000054163640752458621624236476358308608891147942329556809124313799296197114,13645.82,86,ACCEPTED_2026_DAILY_CLOSE
2026-06-29,400.3221371350387987458936560028075417061614373229921606710459029349693961192232305275504181190896948354146291329133126245109635375262433051842757774810915894062784467578624992664184526529355017013321351522662519130789716,34.11157848458830898505850862279148932731686698709513933678872235687408315874079224169659166136258791306658737017429897196340833675183580754784704000054163640752458621624236476358308608891147942329556809124313799296197114,13655.62,86,ACCEPTED_2026_DAILY_CLOSE
2026-06-30,401.3817480239435850083021241790032383200807764047796995486256066878260565141909671566758851328843447319280105663457859713683708743636689265962574852305056808572041414138402534830695234187550217018150608652751569408549525,34.11157848458830898505850862279148932731686698709513933678872235687408315874079224169659166136258791306658737017429897196340833675183580754784704000054163640752458621624236476358308608891147942329556809124313799296197114,13691.765,86,ACCEPTED_2026_DAILY_CLOSE
2026-07-01,397.6831504918181912111859424816805086674280328647679457102013896736011136802968049817245904643160225796632223923519279050724849523248308155036396360617457182647006065882368958749969727708197681159545456465237804619683396,34.11157848458830898505850862279148932731686698709513933678872235687408315874079224169659166136258791306658737017429897196340833675183580754784704000054163640752458621624236476358308608891147942329556809124313799296197114,13565.60,86,ACCEPTED_2026_DAILY_CLOSE
2026-07-02,399.2081458837348320016269029056865990770582450389161756842419537688730316148997005259798621217402219880634465496947765287693262764992084839460601212498636055873497872772384942800374680326244833027057365606397920692420019,34.11157848458830898505850862279148932731686698709513933678872235687408315874079224169659166136258791306658737017429897196340833675183580754784704000054163640752458621624236476358308608891147942329556809124313799296197114,13617.62,86,ACCEPTED_2026_DAILY_CLOSE
2026-07-06,399.9038041046149143921913779318623877241271595889457315720539988665432087119417364980132645906113533214224876733730886748732487029247752288929774244700488702195386580529018531833748565863081797921637481022002102822486148,34.11157848458830898505850862279148932731686698709513933678872235687408315874079224169659166136258791306658737017429897196340833675183580754784704000054163640752458621624236476358308608891147942329556809124313799296197114,13641.35,86,ACCEPTED_2026_DAILY_CLOSE
2026-07-07,397.5543086089371140048424588011055996449304399677017890255434066055749683645993861828587327377804717069235264067402051118939455901613092881525354831897392185572218839983068300351247509969706384880081503357290885931877216,34.11157848458830898505850862279148932731686698709513933678872235687408315874079224169659166136258791306658737017429897196340833675183580754784704000054163640752458621624236476358308608891147942329556809124313799296197114,13561.205,86,ACCEPTED_2026_DAILY_CLOSE
2026-07-08,393.1934725934707568194898046705207096240818776461827588489112629686627393687928939359211522802615024067202325865645909823663863595277154767501468004877308308470973381814588336733062413339610189646484155331660876966096049,34.11157848458830898505850862279148932731686698709513933678872235687408315874079224169659166136258791306658737017429897196340833675183580754784704000054163640752458621624236476358308608891147942329556809124313799296197114,13412.45,86,ACCEPTED_2026_DAILY_CLOSE
2026-07-09,394.3306231365781481355452613188712718499480047172171656288619258147911072404431499559454119417663985053716108076974071706247576583497860219035779927300817122243668829512852850791409358976942927457725734639342555214105538,34.11157848458830898505850862279148932731686698709513933678872235687408315874079224169659166136258791306658737017429897196340833675183580754784704000054163640752458621624236476358308608891147942329556809124313799296197114,13451.24,86,ACCEPTED_2026_DAILY_CLOSE
2026-07-10,395.3802496192011638528211403910999801701120377714768484085624319772220938336680148276006674040765045889483227835720821239181462302444046776677519074972837555560559773400374080354522989393147799733036638786308209916407336,33.74533759045927377465246800383713665138133227577660810672970718185826639465173091980018495330191953257489466764274260559637039586358311654493131851189982917414129213024362246776822669357241805361423418122909215117016846,13342.24,86,ACCEPTED_2026_DAILY_CLOSE
2026-07-13,394.2501675775628605106891345068695512658360524376487003903840355202964678107253208162914306153922613507439774645438288956899312898378184993061829566320310756448768803746206319502198362179088714351360147266134995854513517,33.74533759045927377465246800383713665138133227577660810672970718185826639465173091980018495330191953257489466764274260559637039586358311654493131851189982917414129213024362246776822669357241805361423418122909215117016846,13304.105,86,ACCEPTED_2026_DAILY_CLOSE
2026-07-14,393.1648324582498184258435932584117183402006004158457393004198616580989837910511063633164523176196008394227726052437168074807173867988459338809184273167071107373920389859123738114591453257758859831787536752791768766094449,33.74533759045927377465246800383713665138133227577660810672970718185826639465173091980018495330191953257489466764274260559637039586358311654493131851189982917414129213024362246776822669357241805361423418122909215117016846,13267.48,86,ACCEPTED_2026_DAILY_CLOSE
2026-07-15,392.6225353201357250428354456858034359500537397469312222233865679604003091819033077424443129906779028911039180270814765012901750134032637373680900072082995050634815243807694079701125066001503942761257058325646893524645468,33.74533759045927377465246800383713665138133227577660810672970718185826639465173091980018495330191953257489466764274260559637039586358311654493131851189982917414129213024362246776822669357241805361423418122909215117016846,13249.180,86,ACCEPTED_2026_DAILY_CLOSE
2026-07-16,397.1253795898863528869932611862312233370928369404591386089171131716196319611387176026367485496282309373908007129695865846591866875813355821836243479445036407001319448316696079478514002809587803355087998052677701881922664,33.74533759045927377465246800383713665138133227577660810672970718185826639465173091980018495330191953257489466764274260559637039586358311654493131851189982917414129213024362246776822669357241805361423418122909215117016846,13401.13,86,ACCEPTED_2026_DAILY_CLOSE
2026-07-17,394.9360401055219146828051768876356002232103196607102576443695864838612669270491349736731609280734416247242992793834492173719041440586245068629815240314351211816341951580104649774311997864663580777449104817843637245952679,33.74533759045927377465246800383713665138133227577660810672970718185826639465173091980018495330191953257489466764274260559637039586358311654493131851189982917414129213024362246776822669357241805361423418122909215117016846,13327.25,86,ACCEPTED_2026_DAILY_CLOSE
2026-07-20,392.2601148830245030715682519801750592488790891468861651822872684017743643474837680083860472000496533879378201314025585261693917769755057994800085002178172636759446066965673056619338513206749973593356088316686138103720821,33.74533759045927377465246800383713665138133227577660810672970718185826639465173091980018495330191953257489466764274260559637039586358311654493131851189982917414129213024362246776822669357241805361423418122909215117016846,13236.95,86,ACCEPTED_2026_DAILY_CLOSE
2026-07-21,394.5971784785090918503080092650795505439027048110360771648135365694796087764696225567511438131238068684933647383296121735856280763111664512824245303735312429914065047476383439721962919270386259646218721166783437880599176,33.74533759045927377465246800383713665138133227577660810672970718185826639465173091980018495330191953257489466764274260559637039586358311654493131851189982917414129213024362246776822669357241805361423418122909215117016846,13315.815,86,ACCEPTED_2026_DAILY_CLOSE
2026-07-22,395.3934366261115885279817210287945531571948439462127478675394710862644932982074011875071210653054147303145462965383223936588452114553901463807687734507395689180718341159548189534522581870144162470544073917460093494683008,33.74533759045927377465246800383713665138133227577660810672970718185826639465173091980018495330191953257489466764274260559637039586358311654493131851189982917414129213024362246776822669357241805361423418122909215117016846,13342.685,86,ACCEPTED_2026_DAILY_CLOSE
2026-07-23,395.5519770462706267574403871224259362603252103166331121496229749814933407932314843908768448576080422725826267333234582208784846484863390398968142405316128306861276402983326805518787345357628523472037956954904087076199514,33.74533759045927377465246800383713665138133227577660810672970718185826639465173091980018495330191953257489466764274260559637039586358311654493131851189982917414129213024362246776822669357241805361423418122909215117016846,13348.035,86,ACCEPTED_2026_DAILY_CLOSE
2026-07-24,399.9519922958433363480988434929657050739320885745799698325685186008539531411148253322481698447284418008003058461939194593031694354686365556468013343948019722414409303842139684274606426221493555528451368805312342587147313,33.74533759045927377465246800383713665138133227577660810672970718185826639465173091980018495330191953257489466764274260559637039586358311654493131851189982917414129213024362246776822669357241805361423418122909215117016846,13496.515,86,ACCEPTED_2026_DAILY_CLOSE
2026-07-27,401.9106332435838282688596912422304277283996708648480029586076195270503410259030083839718883591662301010262453731684152537110327234238827457296097730322446332806275676971606529784882976259863432237561312610893792263845149,33.74533759045927377465246800383713665138133227577660810672970718185826639465173091980018495330191953257489466764274260559637039586358311654493131851189982917414129213024362246776822669357241805361423418122909215117016846,13562.61,86,ACCEPTED_2026_DAILY_CLOSE
2026-07-28,407.2527045598585612827874924943667701585512868640403523289241143294623668068359951263008805158755136607770603898518611551847525951190522848207343245591648013044444238648722623893931371379266377609393517313702899355430277,33.74533759045927377465246800383713665138133227577660810672970718185826639465173091980018495330191953257489466764274260559637039586358311654493131851189982917414129213024362246776822669357241805361423418122909215117016846,13742.88,86,ACCEPTED_2026_DAILY_CLOSE
2026-07-29,400.7507693099343411097919920077010193813861120352679921173462471047592959875399024811885258861335493525453727945197766971920257018554080369038117204069400602709632211591663533593458145811239527639716343996770818660002902,33.74533759045927377465246800383713665138133227577660810672970718185826639465173091980018495330191953257489466764274260559637039586358311654493131851189982917414129213024362246776822669357241805361423418122909215117016846,13523.47,86,ACCEPTED_2026_DAILY_CLOSE
2026-07-30,399.6507654975411637121273779150660771779843924707812776966098611999191429005690672458456946393534494704909530163021613875858545051098336579663149469411427748821348986376960313904503375595273269625612991034168754782265952,33.74533759045927377465246800383713665138133227577660810672970718185826639465173091980018495330191953257489466764274260559637039586358311654493131851189982917414129213024362246776822669357241805361423418122909215117016846,13486.350,86,ACCEPTED_2026_DAILY_CLOSE
2026-07-31,398.8672498509981785183166991271008866645700210999561502913224139120965769625435046482577512620671929812258975492743125517564588574279105281412229563582850101816871387382435714535538824827219717311688081219211896783145129,33.74533759045927377465246800383713665138133227577660810672970718185826639465173091980018495330191953257489466764274260559637039586358311654493131851189982917414129213024362246776822669357241805361423418122909215117016846,13459.91,86,ACCEPTED_2026_DAILY_CLOSE
2026-08-03,403.5244858196326548064894025430089555408257928336504401179099788044639923490827413289279926075402667275532847352840221977075866936492055010349997052237133876522760171723566048757417372433395824787347643492987229731020642,33.74533759045927377465246800383713665138133227577660810672970718185826639465173091980018495330191953257489466764274260559637039586358311654493131851189982917414129213024362246776822669357241805361423418122909215117016846,13617.07,86,ACCEPTED_2026_DAILY_CLOSE
2026-08-04,406.1515153985296153749960846365457989226027982051953548107515900777419980376593723529889298388725903952290474868732354842535747483769848300438652485357535102201540018579262180907897986109188086989671518496615272908859559,33.74533759045927377465246800383713665138133227577660810672970718185826639465173091980018495330191953257489466764274260559637039586358311654493131851189982917414129213024362246776822669357241805361423418122909215117016846,13705.72,86,ACCEPTED_2026_DAILY_CLOSE
