Date,Ticker,Open,High,Low,Close,Volume
2026-08-05,ADM,81.85,82.94,77.53,77.58,5537899
2026-08-05,AEP,128.46,128.86,124.5,126.47,7185159
2026-08-05,ALL,264.65,266.92,263.12,264.59,1042233
2026-08-05,ALLY,45.04,45.28,44.65,44.74,1854485
2026-08-05,ANF,110.09,113.35,107.85,109.45,725994
2026-08-05,AOS,63.07,63.6,62.69,63.18,1203063
2026-08-05,BAX,28.2,28.2,27.09,27.33,7630105
2026-08-05,BBWI,21.52,21.56,20.58,20.79,3718146
2026-08-05,BMI,140.47,140.96,138.83,139.44,192140
2026-08-05,CARS,12.09,12.09,11.83,11.84,694609
2026-08-05,CCC,6.39,6.52,6.27,6.46,7112223
2026-08-05,CF,118.47,118.64,115.76,116.71,1837000
2026-08-05,CME,264.48,265.95,259.24,264.78,1728004
2026-08-05,CMI,644.88,661.01,640.99,650.25,1463536
2026-08-05,CTS,66.77,67.67,66.55,66.78,262697
2026-08-05,DE,619.0,624.72,611.63,612.0,797250
2026-08-05,DOW,30.61,30.66,29.17,29.67,9728897
2026-08-05,DPZ,369.0,369.51,362.21,366.61,666686
2026-08-05,ELV,375.2,392.36,370.47,391.24,887332
2026-08-05,EXC,45.83,45.89,45.21,45.76,6680917
2026-08-05,F,14.33,14.48,14.13,14.13,36430932
2026-08-05,FISV,56.39,56.63,53.64,54.11,11642461
2026-08-05,FITB,58.16,58.49,57.54,57.6,3550415
2026-08-05,FSS,132.89,133.78,129.94,130.18,360215
2026-08-05,GE,379.34,384.5,378.74,381.22,3139975
2026-08-05,GM,88.46,89.98,88.25,89.16,6858433
2026-08-05,GNRC,218.39,226.0,217.38,217.41,1369591
2026-08-05,GT,7.11,7.14,6.89,6.94,7911111
2026-08-05,H,174.17,181.35,174.48,178.91,754213
2026-08-05,HOG,26.55,26.74,26.12,26.19,1264810
2026-08-05,HURC,21.65,21.93,21.38,21.89,13965
2026-08-05,INGR,105.57,106.46,101.8,103.29,603801
2026-08-05,ITW,296.17,297.47,293.58,297.32,641244
2026-08-05,JLL,368.93,373.27,363.91,373.24,226496
2026-08-05,KELYA,15.41,15.41,14.83,15.22,305733
2026-08-05,KR,58.12,58.28,56.4,56.68,4907896
2026-08-05,KSS,19.95,20.38,19.55,19.66,2285285
2026-08-05,LE,12.87,13.04,12.79,12.79,128850
2026-08-05,LKFN,63.93,63.93,62.76,62.96,136642
2026-08-05,LLY,1174.0,1216.94,1138.43,1169.86,5504180
2026-08-05,LZB,41.59,42.07,41.41,41.45,268661
2026-08-05,MAS,76.4,77.76,76.11,77.32,1542548
2026-08-05,MCD,271.64,275.3,269.01,274.0,4503450
2026-08-05,MCS,31.33,31.28,30.31,30.79,351335
2026-08-05,MHO,148.65,152.17,149.15,150.54,191234
2026-08-05,MOD,197.39,207.75,194.61,194.61,1016096
2026-08-05,MPC,314.5,315.49,297.37,297.75,2706482
2026-08-05,MRTN,14.97,15.14,14.82,14.93,744136
2026-08-05,MSI,444.49,445.87,436.92,438.14,921022
2026-08-05,NI,42.96,43.92,41.95,42.91,13562727
2026-08-05,NPK,135.42,139.75,133.38,139.57,81836
2026-08-05,NTRS,184.06,185.86,183.13,184.38,863910
2026-08-05,OI,7.5,7.66,7.43,7.47,2358993
2026-08-05,OSK,157.52,160.24,152.18,152.81,531499
2026-08-05,PAG,220.09,220.99,215.4,215.76,330045
2026-08-05,PATK,86.36,88.89,85.6,87.56,485486
2026-08-05,PG,147.85,147.35,144.66,146.8,7477197
2026-08-05,PH,991.01,1009.86,986.79,996.9,1116038
2026-08-05,PKG,255.38,258.4,254.75,256.01,431123
2026-08-05,RAIL,8.54,8.54,7.84,7.91,225329
2026-08-05,REX,44.64,44.65,43.27,44.11,205908
2026-08-05,RKT,14.0,14.27,13.73,13.86,17844917
2026-08-05,ROK,450.0,460.45,444.25,450.05,1117076
2026-08-05,SCL,64.52,64.55,63.19,64.26,156155
2026-08-05,SEAT,9.59,9.59,7.91,8.02,88011
2026-08-05,SGA,9.15,9.4,9.03,9.4,10992
2026-08-05,SJM,120.28,120.28,117.9,119.21,398935
2026-08-05,SKY,78.93,93.25,78.93,91.16,1307578
2026-08-05,SNA,419.47,420.99,416.39,418.85,264650
2026-08-05,SPB,90.8,92.27,90.25,90.47,303935
2026-08-05,SPG,226.29,226.29,222.27,224.81,1735355
2026-08-05,SRCE,91.1,91.24,89.76,89.99,85616
2026-08-05,SSP,2.81,2.9,2.8,2.87,351140
2026-08-05,SUI,121.56,122.26,119.62,120.86,732265
2026-08-05,SYK,336.1,338.73,330.16,337.03,1910709
2026-08-05,TDS,35.45,35.71,34.82,35.39,1164192
2026-08-05,THO,81.14,80.48,79.02,79.48,289651
2026-08-05,TR,39.89,39.91,39.27,39.84,110030
2026-08-05,UAL,133.34,135.37,132.65,132.76,3565263
2026-08-05,UFPI,92.36,93.03,88.92,92.7,520657
2026-08-05,ULTA,546.7,550.65,535.29,539.47,446028
2026-08-05,WEC,108.94,109.23,107.53,108.26,1830319
2026-08-05,WHR,43.81,47.1,43.5,45.19,3855368
2026-08-05,WNC,12.33,12.8,12.21,12.71,775547
2026-08-05,WWW,19.52,19.98,19.37,19.5,573390
2026-08-05,ZBH,101.0,101.8,96.78,98.16,4656336
2026-08-06,ADM,78.58999633789062,79.37000274658203,77.08999633789062,77.51000213623047,4386500
2026-08-06,AEP,127.9800033569336,128.3000030517578,124.30999755859375,125.26000213623047,3088700
2026-08-06,ALL,273.7799987792969,275.3900146484375,268.29998779296875,275.1099853515625,1913300
2026-08-06,ALLY,44.68000030517578,44.869998931884766,44.025001525878906,44.060001373291016,2259100
2026-08-06,ANF,109.87999725341797,111.98999786376953,108.48999786376953,110.4800033569336,828300
2026-08-06,AOS,63.189998626708984,63.5,62.54999923706055,62.9900016784668,1552900
2026-08-06,BAX,27.40999984741211,27.950000762939453,26.81999969482422,27.010000228881836,6944500
2026-08-06,BBWI,20.600000381469727,20.93000030517578,20.1200008392334,20.139999389648438,4647000
2026-08-06,BMI,140.85000610351562,141.0500030517578,136.58999633789062,137.1699981689453,274600
2026-08-06,CARS,10.824999809265137,11.920000076293945,10.59000015258789,11.739999771118164,1524300
2026-08-06,CCC,6.360000133514404,6.539999961853027,6.230000019073486,6.5,7873400
2026-08-06,CF,111.98999786376953,117.18000030517578,109.43000030517578,116.7300033569336,3183200
2026-08-06,CME,266.1099853515625,269.0,262.7300109863281,264.32000732421875,1841400
2026-08-06,CMI,644.4600219726562,654.3400268554688,637.47998046875,643.97998046875,811600
2026-08-06,CTS,66.51000213623047,67.97000122070312,65.93000030517578,66.26000213623047,184800
2026-08-06,DE,614.5700073242188,618.1400146484375,611.1900024414062,614.8400268554688,817900
2026-08-06,DOW,30.0,30.90999984741211,29.719999313354492,30.299999237060547,9296800
2026-08-06,DPZ,366.010009765625,366.010009765625,357.010009765625,358.42999267578125,509900
2026-08-06,ELV,391.8299865722656,392.739990234375,386.69000244140625,391.3999938964844,910900
2026-08-06,EXC,46.11000061035156,46.27000045776367,44.93000030517578,45.31999969482422,6588600
2026-08-06,F,14.149999618530273,14.15999984741211,13.75,13.789999961853027,59941400
2026-08-06,FISV,49.880001068115234,54.150001525878906,49.560001373291016,54.11000061035156,21017500
2026-08-06,FITB,58.25,58.29999923706055,56.790000915527344,56.959999084472656,4634200
2026-08-06,FSS,130.05999755859375,130.66000366210938,126.77999877929688,127.83000183105469,491600
2026-08-06,GE,383.9700012207031,388.8399963378906,372.7900085449219,374.54998779296875,3552900
2026-08-06,GM,89.16000366210938,89.30000305175781,86.5,86.94000244140625,5431300
2026-08-06,GNRC,214.91000366210938,222.8800048828125,210.05999755859375,211.17999267578125,1061200
2026-08-06,GT,7.230000019073486,7.260000228881836,6.480000019073486,6.760000228881836,18073600
2026-08-06,H,178.5,180.5800018310547,178.00999450683594,178.8800048828125,711000
2026-08-06,HOG,26.56999969482422,26.56999969482422,25.549999237060547,25.700000762939453,1370200
2026-08-06,HURC,21.729999542236328,21.989999771118164,21.6200008392334,21.899999618530273,11400
2026-08-06,INGR,104.16999816894531,104.33999633789062,102.55999755859375,102.93000030517578,995200
2026-08-06,ITW,300.1600036621094,300.5299987792969,293.8800048828125,294.70001220703125,912800
2026-08-06,JLL,372.7099914550781,372.7099914550781,360.2200012207031,363.69000244140625,236500
2026-08-06,KELYA,17.75,17.75,15.210000038146973,15.619999885559082,629100
2026-08-06,KR,57.47999954223633,57.70000076293945,56.130001068115234,57.31999969482422,5778700
2026-08-06,KSS,19.479999542236328,19.610000610351562,18.440000534057617,18.450000762939453,4013200
2026-08-06,LE,12.90999984741211,13.045000076293945,12.710000038146973,12.920000076293945,139800
2026-08-06,LKFN,63.400001525878906,63.459999084472656,62.2400016784668,62.310001373291016,124300
2026-08-06,LLY,1196.550048828125,1230.8800048828125,1173.5,1191.93994140625,3422400
2026-08-06,LZB,41.79999923706055,41.79999923706055,40.630001068115234,40.63999938964844,262500
2026-08-06,MAS,77.16999816894531,77.56999969482422,75.06999969482422,75.47000122070312,2944000
2026-08-06,MCD,276.0,276.8299865722656,271.760009765625,276.260009765625,4214900
2026-08-06,MCS,31.0,31.270000457763672,30.3799991607666,30.6299991607666,417000
2026-08-06,MHO,151.92999267578125,151.94000244140625,146.1699981689453,146.8300018310547,154300
2026-08-06,MOD,191.27999877929688,200.75,190.9499969482422,192.52000427246094,919700
2026-08-06,MPC,303.1700134277344,303.3299865722656,293.7200012207031,299.25,1976500
2026-08-06,MRTN,15.020000457763672,15.050000190734863,14.770000457763672,14.859999656677246,503200
2026-08-06,MSI,474.8800048828125,493.57000732421875,464.010009765625,474.07000732421875,1908900
2026-08-06,NI,43.279998779296875,43.5099983215332,42.70000076293945,43.380001068115234,9208700
2026-08-06,NPK,138.64999389648438,141.75,137.74000549316406,137.74000549316406,81400
2026-08-06,NTRS,185.7100067138672,186.30999755859375,183.10000610351562,184.13999938964844,1122200
2026-08-06,OI,7.420000076293945,7.510000228881836,7.079999923706055,7.099999904632568,3203300
2026-08-06,OSK,153.77000427246094,154.85000610351562,152.77000427246094,153.44000244140625,542800
2026-08-06,PAG,216.35000610351562,216.97000122070312,215.0,216.39999389648438,376400
2026-08-06,PATK,86.79000091552734,87.43000030517578,85.37999725341797,86.51000213623047,401400
2026-08-06,PG,147.82000732421875,148.5,145.4499969482422,146.97000122070312,8766700
2026-08-06,PH,1076.0,1099.93994140625,1057.0,1069.800048828125,1437000
2026-08-06,PKG,255.30999755859375,256.94000244140625,250.0500030517578,252.75,505300
2026-08-06,RAIL,8.140000343322754,8.140000343322754,7.690000057220459,7.710000038146973,197600
2026-08-06,REX,44.18000030517578,44.52000045776367,43.0099983215332,43.290000915527344,209000
2026-08-06,RKT,13.5,13.520000457763672,13.015000343322754,13.220000267028809,40050400
2026-08-06,ROK,451.0400085449219,454.260009765625,440.80999755859375,441.79998779296875,1088800
2026-08-06,SCL,64.27999877929688,64.9800033569336,63.599998474121094,63.959999084472656,132300
2026-08-06,SEAT,8.210000038146973,8.279999732971191,7.639999866485596,7.880000114440918,78100
2026-08-06,SGA,9.329999923706055,9.579999923706055,9.180000305175781,9.529999732971191,7700
2026-08-06,SJM,120.98999786376953,120.98999786376953,117.19000244140625,118.80000305175781,959800
2026-08-06,SKY,94.30999755859375,94.30999755859375,90.80000305175781,91.5199966430664,803100
2026-08-06,SNA,423.0,423.0199890136719,413.3800048828125,414.67999267578125,301000
2026-08-06,SPB,91.0,91.20999908447266,87.56999969482422,88.26000213623047,473700
2026-08-06,SPG,226.61000061035156,226.61000061035156,221.07000732421875,221.8300018310547,1390400
2026-08-06,SRCE,90.5,90.7699966430664,89.18000030517578,89.33999633789062,126800
2026-08-06,SSP,2.869999885559082,3.259999990463257,2.8499999046325684,2.950000047683716,1877500
2026-08-06,SUI,121.68000030517578,122.0199966430664,119.55000305175781,120.31999969482422,630500
2026-08-06,SYK,340.45001220703125,343.8699951171875,334.239990234375,337.42999267578125,1803200
2026-08-06,TDS,35.619998931884766,36.029998779296875,35.25,36.0,1999200
2026-08-06,THO,79.58999633789062,79.58999633789062,77.5999984741211,77.68000030517578,448800
2026-08-06,TR,40.279998779296875,40.540000915527344,39.63999938964844,39.75,122800
2026-08-06,UAL,131.75,132.8800048828125,128.91000366210938,129.1199951171875,2318800
2026-08-06,UFPI,92.56999969482422,92.63999938964844,90.2300033569336,91.86000061035156,479400
2026-08-06,ULTA,539.6099853515625,543.9600219726562,536.510009765625,538.7899780273438,358300
2026-08-06,WEC,109.33000183105469,109.69000244140625,107.36000061035156,107.97000122070312,3664900
2026-08-06,WHR,45.25,45.25,42.83000183105469,43.0,2767800
2026-08-06,WNC,12.600000381469727,12.8100004196167,12.430000305175781,12.5600004196167,731300
2026-08-06,WWW,19.719999313354492,19.81999969482422,18.940000534057617,19.040000915527344,979800
2026-08-06,ZBH,98.80000305175781,99.91000366210938,95.66999816894531,97.19000244140625,2998200
2026-08-07,ADM,76.93000030517578,77.58999633789062,75.7699966430664,76.58999633789062,3083500
2026-08-07,AEP,124.98999786376953,126.37000274658203,124.19999694824219,125.7300033569336,4311300
2026-08-07,ALL,272.0899963378906,272.3699951171875,266.20001220703125,267.0,2751200
2026-08-07,ALLY,44.029998779296875,44.26499938964844,43.525001525878906,43.720001220703125,3204500
2026-08-07,ANF,109.0,112.83000183105469,108.16000366210938,112.62000274658203,688600
2026-08-07,AOS,63.0,64.31999969482422,62.59000015258789,63.97999954223633,1280700
2026-08-07,BAX,26.93000030517578,27.8799991607666,26.559999465942383,27.549999237060547,8162700
2026-08-07,BBWI,20.200000762939453,20.540000915527344,19.8799991607666,20.360000610351562,4635800
2026-08-07,BMI,136.3699951171875,140.14999389648438,136.3699951171875,138.86000061035156,203700
2026-08-07,CARS,11.880000114440918,13.34000015258789,11.880000114440918,12.319999694824219,1174300
2026-08-07,CCC,6.559999942779541,6.929999828338623,6.53000020980835,6.920000076293945,12028200
2026-08-07,CF,114.4000015258789,115.7699966430664,111.88999938964844,114.3499984741211,2041000
2026-08-07,CME,262.57000732421875,266.2699890136719,262.42999267578125,263.6600036621094,1250900
2026-08-07,CMI,649.7100219726562,650.2899780273438,636.9400024414062,644.260009765625,963700
2026-08-07,CTS,66.81999969482422,67.98999786376953,65.63999938964844,66.2300033569336,139300
2026-08-07,DE,612.3499755859375,627.8800048828125,611.2100219726562,620.8300170898438,942000
2026-08-07,DOW,29.799999237060547,29.940000534057617,29.264999389648438,29.34000015258789,9022100
2026-08-07,DPZ,354.94000244140625,355.2099914550781,349.760009765625,350.95001220703125,826700
2026-08-07,ELV,390.3900146484375,395.70001220703125,387.30999755859375,394.20001220703125,941900
2026-08-07,EXC,45.11000061035156,45.88999938964844,44.779998779296875,45.61000061035156,6992700
2026-08-07,F,13.819999694824219,14.09000015258789,13.760000228881836,13.979999542236328,34589200
2026-08-07,FISV,53.7599983215332,53.7599983215332,51.40999984741211,52.40999984741211,9426000
2026-08-07,FITB,56.66999816894531,57.31999969482422,56.380001068115234,57.09000015258789,3530200
2026-08-07,FSS,127.3499984741211,129.60000610351562,126.5999984741211,128.2100067138672,310100
2026-08-07,GE,376.3900146484375,377.80999755859375,368.44000244140625,370.0799865722656,2527700
2026-08-07,GM,86.88999938964844,87.87999725341797,86.33000183105469,87.58000183105469,4024000
2026-08-07,GNRC,214.0,216.91000366210938,210.5800018310547,212.22000122070312,663900
2026-08-07,GT,6.900000095367432,6.909999847412109,6.420000076293945,6.440000057220459,11129600
2026-08-07,H,180.58999633789062,180.58999633789062,176.4600067138672,177.7100067138672,781300
2026-08-07,HOG,25.8799991607666,26.299999237060547,25.760000228881836,26.010000228881836,1115500
2026-08-07,HURC,21.809999465942383,22.309999465942383,21.700000762939453,22.059999465942383,13100
2026-08-07,INGR,102.62000274658203,104.66999816894531,102.55999755859375,104.33000183105469,626500
2026-08-07,ITW,293.54998779296875,297.6700134277344,292.45001220703125,296.6600036621094,919000
2026-08-07,JLL,364.04998779296875,371.95001220703125,361.0,362.3800048828125,324200
2026-08-07,KELYA,15.520000457763672,15.789999961853027,15.0600004196167,15.1899995803833,341600
2026-08-07,KR,56.70000076293945,56.90999984741211,56.189998626708984,56.72999954223633,7375100
2026-08-07,KSS,18.56999969482422,19.600000381469727,18.229999542236328,19.299999237060547,3466600
2026-08-07,LE,12.989999771118164,13.199999809265137,12.829999923706055,13.119999885559082,154600
2026-08-07,LKFN,62.15999984741211,62.16999816894531,61.70000076293945,61.72999954223633,82600
2026-08-07,LLY,1188.0,1196.800048828125,1161.199951171875,1185.7099609375,2898500
2026-08-07,LZB,40.7599983215332,42.189998626708984,40.7599983215332,42.13999938964844,467800
2026-08-07,MAS,75.77999877929688,77.8499984741211,75.68000030517578,77.51000213623047,1838800
2026-08-07,MCD,274.510009765625,276.8699951171875,273.2900085449219,274.4800109863281,4909700
2026-08-07,MCS,30.65999984741211,30.8799991607666,29.959999084472656,30.649999618530273,437600
2026-08-07,MHO,147.3699951171875,152.13999938964844,147.1999969482422,151.99000549316406,192000
2026-08-07,MOD,195.41000366210938,197.7100067138672,189.5,195.60000610351562,1181900
2026-08-07,MPC,295.1400146484375,301.489990234375,290.3599853515625,298.20001220703125,2300300
2026-08-07,MRTN,14.920000076293945,15.210000038146973,14.899999618530273,14.949999809265137,639800
2026-08-07,MSI,478.3399963378906,479.8399963378906,467.30999755859375,467.54998779296875,996300
2026-08-07,NI,43.150001525878906,43.310001373291016,42.54999923706055,42.61000061035156,7667000
2026-08-07,NPK,137.10000610351562,138.97999572753906,136.44000244140625,137.99000549316406,81300
2026-08-07,NTRS,184.0800018310547,185.75999450683594,182.1199951171875,185.5,775700
2026-08-07,OI,7.119999885559082,7.329999923706055,7.010000228881836,7.03000020980835,2869800
2026-08-07,OSK,154.57000732421875,157.00999450683594,154.02999877929688,155.25999450683594,422500
2026-08-07,PAG,216.0,217.22000122070312,215.5,216.41000366210938,307800
2026-08-07,PATK,86.19999694824219,89.12000274658203,86.19999694824219,88.83999633789062,478300
2026-08-07,PG,144.89999389648438,146.0,143.8800048828125,145.7899932861328,7565500
2026-08-07,PH,1078.8699951171875,1089.3499755859375,1072.469970703125,1073.8699951171875,823500
2026-08-07,PKG,252.32000732421875,256.94000244140625,248.66000366210938,256.0400085449219,479300
2026-08-07,RAIL,7.829999923706055,7.980000019073486,7.630000114440918,7.940000057220459,141100
2026-08-07,REX,43.25,44.380001068115234,42.5,42.79999923706055,131200
2026-08-07,RKT,14.229999542236328,14.279999732971191,13.130000114440918,13.720000267028809,42103100
2026-08-07,ROK,449.5,449.5,439.2799987792969,441.0400085449219,1122300
2026-08-07,SCL,64.0199966430664,65.72000122070312,64.0199966430664,65.1500015258789,118300
2026-08-07,SEAT,7.800000190734863,8.095000267028809,7.489999771118164,7.599999904632568,34300
2026-08-07,SGA,9.420000076293945,10.109999656677246,9.319999694824219,10.039999961853027,22400
2026-08-07,SJM,118.16000366210938,120.70999908447266,117.66000366210938,120.16000366210938,685400
2026-08-07,SKY,92.66999816894531,95.56999969482422,92.05000305175781,94.66000366210938,601500
2026-08-07,SNA,412.32000732421875,416.9100036621094,411.5199890136719,416.3500061035156,392200
2026-08-07,SPB,96.5,99.05999755859375,88.0199966430664,90.12999725341797,766100
2026-08-07,SPG,221.75999450683594,223.0800018310547,219.55999755859375,222.91000366210938,1318400
2026-08-07,SRCE,89.23999786376953,89.23999786376953,87.6500015258789,88.01000213623047,204000
2026-08-07,SSP,2.869999885559082,3.8499999046325684,2.6500000953674316,3.319999933242798,1914400
2026-08-07,SUI,120.0199966430664,121.0999984741211,119.43000030517578,120.44000244140625,810800
2026-08-07,SYK,336.6700134277344,340.0,332.5400085449219,339.0299987792969,1845900
2026-08-07,TDS,35.220001220703125,35.27000045776367,31.510000228881836,32.97999954223633,3333400
2026-08-07,THO,78.43000030517578,80.2300033569336,77.58999633789062,79.55000305175781,438600
2026-08-07,TR,39.5099983215332,40.189998626708984,39.5099983215332,39.630001068115234,99700
2026-08-07,UAL,130.0399932861328,130.3300018310547,127.66999816894531,129.55999755859375,2169700
2026-08-07,UFPI,91.73999786376953,94.93000030517578,91.51000213623047,94.04000091552734,442500
2026-08-07,ULTA,538.8499755859375,566.72998046875,537.9199829101562,565.1500244140625,566300
2026-08-07,WEC,107.5,108.58999633789062,106.47000122070312,107.62999725341797,2359500
2026-08-07,WHR,43.400001525878906,44.13999938964844,41.880001068115234,43.279998779296875,1768800
2026-08-07,WNC,12.609999656677246,13.100000381469727,12.489999771118164,12.930000305175781,847400
2026-08-07,WWW,18.979999542236328,19.450000762939453,18.84000015258789,18.93000030517578,622500
2026-08-07,ZBH,96.58000183105469,96.88999938964844,94.87999725341797,96.55000305175781,2186700
2026-08-10,ADM,76.22000122070312,80.63999938964844,76.22000122070312,80.48999786376953,5510000
2026-08-10,AEP,125.05000305175781,125.68000030517578,122.25,122.83999633789062,4659100
2026-08-10,ALL,266.95001220703125,271.6300048828125,262.0199890136719,269.6700134277344,1723000
2026-08-10,ALLY,43.43000030517578,44.22999954223633,43.220001220703125,43.790000915527344,4260900
2026-08-10,ANF,113.4000015258789,118.97000122070312,112.9800033569336,118.52999877929688,1342400
2026-08-10,AOS,63.61000061035156,63.70000076293945,62.15999984741211,62.40999984741211,1229200
2026-08-10,BAX,27.1200008392334,27.969999313354492,26.780000686645508,27.780000686645508,8306800
2026-08-10,BBWI,19.940000534057617,20.059999465942383,19.290000915527344,19.31999969482422,7352200
2026-08-10,BMI,138.83999633789062,138.83999633789062,135.4199981689453,136.44000244140625,207600
2026-08-10,CARS,12.079999923706055,12.515000343322754,11.869999885559082,12.1899995803833,772100
2026-08-10,CCC,6.849999904632568,7.019999980926514,6.795000076293945,6.96999979019165,8462200
2026-08-10,CDW,135.0,137.30999755859375,134.3800048828125,136.42999267578125,1482600
2026-08-10,CF,115.5,121.5999984741211,115.5,121.4800033569336,2779400
2026-08-10,CME,262.57000732421875,268.5299987792969,262.010009765625,263.6499938964844,1578400
2026-08-10,CMI,649.3699951171875,653.0,632.3900146484375,634.8200073242188,679600
2026-08-10,CTS,66.26000213623047,66.88999938964844,64.51000213623047,64.61000061035156,142400
2026-08-10,DE,621.1199951171875,623.5499877929688,603.1099853515625,609.280029296875,1022900
2026-08-10,DOW,29.649999618530273,30.579999923706055,29.545000076293945,30.579999923706055,7474900
2026-08-10,DPZ,343.7900085449219,352.260009765625,341.0199890136719,347.8500061035156,841200
2026-08-10,DTE,139.1699981689453,139.3300018310547,136.47000122070312,136.77999877929688,1638000
2026-08-10,DTM,132.35000610351562,134.66000366210938,131.47999572753906,134.17999267578125,960900
2026-08-10,ELV,395.30999755859375,400.92999267578125,395.0199890136719,397.70001220703125,854600
2026-08-10,EXC,45.31999969482422,45.40999984741211,44.45000076293945,44.5,6814000
2026-08-10,F,13.9399995803833,14.069999694824219,13.760000228881836,14.0,39252700
2026-08-10,FISV,52.349998474121094,53.040000915527344,51.20000076293945,52.220001220703125,8344700
2026-08-10,FITB,56.79999923706055,57.22999954223633,56.630001068115234,57.130001068115234,2954000
2026-08-10,FSS,128.05999755859375,128.83999633789062,126.26000213623047,126.7699966430664,217100
2026-08-10,GE,371.5199890136719,372.260009765625,364.8399963378906,366.70001220703125,3092000
2026-08-10,GM,87.41999816894531,88.80999755859375,86.37999725341797,87.95999908447266,3446600
2026-08-10,GNRC,213.6999969482422,214.88999938964844,206.0800018310547,206.08999633789062,630500
2026-08-10,GT,6.420000076293945,6.420000076293945,6.019999980926514,6.03000020980835,13322300
2026-08-10,H,175.77000427246094,177.9499969482422,169.86000061035156,170.0800018310547,671800
2026-08-10,HOG,25.81999969482422,26.100000381469727,25.59000015258789,26.09000015258789,1062000
2026-08-10,HURC,21.889999389648438,22.459999084472656,21.440000534057617,21.719999313354492,25800
2026-08-10,INGR,103.93000030517578,104.58999633789062,103.33999633789062,103.4800033569336,684800
2026-08-10,ITW,296.17999267578125,296.70001220703125,293.44000244140625,294.5199890136719,797600
2026-08-10,JLL,358.69000244140625,362.3900146484375,354.5899963378906,357.3500061035156,215500
2026-08-10,KELYA,15.510000228881836,16.200000762939453,15.399999618530273,15.670000076293945,566100
2026-08-10,KR,57.040000915527344,57.040000915527344,56.2400016784668,56.47999954223633,5903500
2026-08-10,KSS,19.40999984741211,19.510000228881836,18.950000762939453,19.030000686645508,2521600
2026-08-10,LKFN,61.150001525878906,61.709999084472656,60.470001220703125,61.029998779296875,139200
2026-08-10,LLY,1185.010009765625,1231.93994140625,1184.4100341796875,1231.93994140625,3011900
2026-08-10,LZB,41.599998474121094,42.45000076293945,41.209999084472656,41.400001525878906,524900
2026-08-10,MAS,76.9000015258789,77.62999725341797,74.54000091552734,74.72000122070312,2709500
2026-08-10,MCD,274.1400146484375,275.75,270.3599853515625,273.7200012207031,4742100
2026-08-10,MCS,30.5,30.6200008392334,29.549999237060547,29.8700008392334,353900
2026-08-10,MHO,151.02999877929688,152.08999633789062,147.32000732421875,148.10000610351562,217900
2026-08-10,MOD,197.88999938964844,201.7100067138672,190.60000610351562,191.00999450683594,729700
2026-08-10,MPC,302.20001220703125,320.4200134277344,302.20001220703125,320.32000732421875,4058700
2026-08-10,MPLX,58.849998474121094,59.04999923706055,58.290000915527344,58.70000076293945,1516600
2026-08-10,MRTN,14.930000305175781,15.279999732971191,14.600000381469727,14.680000305175781,645800
2026-08-10,MSI,469.989990234375,469.989990234375,457.0,461.9800109863281,822500
2026-08-10,NI,42.34000015258789,42.34000015258789,41.70000076293945,41.779998779296875,7672900
2026-08-10,NPK,137.97999572753906,139.05999755859375,136.88999938964844,137.5,101400
2026-08-10,NTRS,185.1199951171875,188.63999938964844,184.94000244140625,187.86000061035156,1615700
2026-08-10,OI,6.920000076293945,7.010000228881836,6.820000171661377,7.0,2823400
2026-08-10,OSK,155.30999755859375,155.94000244140625,152.9199981689453,155.38999938964844,642900
2026-08-10,PAG,215.5,216.7899932861328,215.0,216.27000427246094,347800
2026-08-10,PATK,88.69999694824219,88.69999694824219,84.13999938964844,85.5,442400
2026-08-10,PG,144.72999572753906,146.4600067138672,144.14999389648438,146.44000244140625,7386500
2026-08-10,PH,1084.8499755859375,1084.8499755859375,1057.760009765625,1060.5,524900
2026-08-10,PKG,254.08999633789062,255.42999267578125,251.5800018310547,254.75,504700
2026-08-10,REX,42.79999923706055,43.95000076293945,42.779998779296875,43.279998779296875,188100
2026-08-10,RKT,13.40999984741211,14.0,13.289999961853027,13.760000228881836,27865200
2026-08-10,ROK,440.2799987792969,442.7699890136719,434.0,435.2200012207031,846900
2026-08-10,SCL,64.63999938964844,65.9000015258789,63.45000076293945,64.86000061035156,131300
2026-08-10,SEAT,7.440000057220459,7.756999969482422,7.239999771118164,7.349999904632568,31400
2026-08-10,SGA,9.75,10.039999961853027,9.579999923706055,9.649999618530273,13100
2026-08-10,SJM,119.0,119.20999908447266,117.61000061035156,118.06999969482422,1031100
2026-08-10,SKY,93.43000030517578,93.83000183105469,91.79000091552734,92.98999786376953,689300
2026-08-10,SNA,415.82000732421875,418.25,409.94000244140625,411.1099853515625,228300
2026-08-10,SPB,88.2300033569336,88.4800033569336,85.80999755859375,87.87999725341797,582400
2026-08-10,SPG,221.14999389648438,223.4199981689453,218.3300018310547,220.5500030517578,1244800
2026-08-10,SRCE,87.52999877929688,88.0,86.7300033569336,87.33000183105469,126000
2026-08-10,SSP,3.2799999713897705,3.6600000858306885,3.2699999809265137,3.3299999237060547,730500
2026-08-10,SUI,119.5199966430664,119.61000061035156,118.30000305175781,118.56999969482422,836000
2026-08-10,SYK,337.0299987792969,345.92999267578125,335.0,345.80999755859375,1660100
2026-08-10,TDS,33.0,33.75,32.560001373291016,33.70000076293945,1508500
2026-08-10,THO,79.19000244140625,79.73999786376953,78.0,79.51000213623047,593100
2026-08-10,TR,39.38999938964844,39.77000045776367,39.029998779296875,39.54999923706055,97600
2026-08-10,TWI,7.25,7.309999942779541,7.059999942779541,7.079999923706055,723100
2026-08-10,UAL,128.3300018310547,128.47000122070312,123.63999938964844,123.76000213623047,2846800
2026-08-10,UFPI,93.19999694824219,93.26000213623047,90.37999725341797,90.9000015258789,548400
2026-08-10,ULTA,560.989990234375,561.5,545.9199829101562,548.6599731445312,727300
2026-08-10,VTR,92.0,92.97000122070312,91.54000091552734,91.94999694824219,2894100
2026-08-10,WEC,107.08000183105469,107.44999694824219,105.9000015258789,106.12000274658203,2153800
2026-08-10,WHR,42.630001068115234,42.959999084472656,41.189998626708984,42.16999816894531,1931100
2026-08-10,WWW,18.899999618530273,18.969999313354492,18.510000228881836,18.920000076293945,721500
2026-08-10,ZBH,96.66000366210938,97.8499984741211,95.45999908447266,97.77999877929688,3278500
2026-08-10,ZBRA,376.7900085449219,380.82000732421875,373.3800048828125,378.0799865722656,564400
2026-08-11,ADM,80.22000122070312,80.91000366210938,79.2699966430664,80.45999908447266,3523200
2026-08-11,AEP,122.52999877929688,123.81999969482422,122.27999877929688,123.58000183105469,2694900
2026-08-11,ALL,266.9200134277344,268.1000061035156,261.3500061035156,262.2300109863281,2859900
2026-08-11,ALLY,43.790000915527344,44.42499923706055,43.790000915527344,43.95000076293945,2018600
2026-08-11,ANF,119.9000015258789,119.91999816894531,115.36000061035156,117.97000122070312,1101300
2026-08-11,AOS,62.5099983215332,63.939998626708984,62.459999084472656,63.66999816894531,1386100
2026-08-11,BAX,27.549999237060547,28.020000457763672,27.3799991607666,27.610000610351562,7577200
2026-08-11,BBWI,19.200000762939453,19.3799991607666,18.8799991607666,18.8799991607666,5293100
2026-08-11,BMI,135.72999572753906,137.74000549316406,134.44000244140625,135.67999267578125,243300
2026-08-11,CARS,12.15999984741211,12.25,11.59000015258789,11.859999656677246,693100
2026-08-11,CCC,6.909999847412109,6.980000019073486,6.724999904632568,6.869999885559082,7619600
2026-08-11,CDW,135.2899932861328,136.9499969482422,134.35000610351562,135.3699951171875,1282800
2026-08-11,CF,120.2699966430664,121.52999877929688,117.2699966430664,117.80000305175781,3098100
2026-08-11,CME,262.82000732421875,262.9800109863281,258.760009765625,259.32000732421875,1593500
2026-08-11,CMI,640.1099853515625,648.6400146484375,632.0399780273438,632.9500122070312,496800
2026-08-11,CTS,65.37000274658203,66.8499984741211,63.83000183105469,64.13999938964844,132700
2026-08-11,DE,608.469970703125,621.2999877929688,606.3200073242188,617.9500122070312,674700
2026-08-11,DOW,30.405000686645508,31.440000534057617,30.405000686645508,31.260000228881836,7519400
2026-08-11,DPZ,344.3800048828125,361.510009765625,344.3800048828125,357.3399963378906,703400
2026-08-11,DTE,136.77999877929688,138.0800018310547,135.75999450683594,137.63999938964844,1264300
2026-08-11,DTM,136.02999877929688,137.3699951171875,134.5500030517578,134.77999877929688,1066200
2026-08-11,ELV,398.2200012207031,403.3299865722656,388.1600036621094,390.3699951171875,907300
2026-08-11,EXC,44.349998474121094,45.040000915527344,44.34000015258789,44.869998931884766,5780000
2026-08-11,F,13.890000343322754,14.180000305175781,13.84000015258789,13.979999542236328,36394900
2026-08-11,FISV,52.11000061035156,53.02000045776367,51.54999923706055,52.720001220703125,8152500
2026-08-11,FITB,57.040000915527344,57.7400016784668,56.95000076293945,57.599998474121094,3508800
2026-08-11,FSS,127.66999816894531,129.8800048828125,127.66999816894531,128.72000122070312,434200
2026-08-11,GE,367.739990234375,372.55999755859375,366.4700012207031,368.05999755859375,2286100
2026-08-11,GM,88.12999725341797,89.73999786376953,87.87999725341797,89.3499984741211,4792100
2026-08-11,GNRC,209.27999877929688,218.08999633789062,209.1199951171875,215.86000061035156,858800
2026-08-11,GT,6.039999961853027,6.190000057220459,6.010000228881836,6.090000152587891,8941900
2026-08-11,H,170.4199981689453,173.72000122070312,170.4199981689453,172.63999938964844,916700
2026-08-11,HOG,26.09000015258789,27.149999618530273,25.899999618530273,26.719999313354492,1674000
2026-08-11,HURC,21.899999618530273,22.290000915527344,21.8799991607666,22.079999923706055,16500
2026-08-11,INGR,103.5,104.97000122070312,103.5,104.66999816894531,671400
2026-08-11,ITW,294.6700134277344,297.760009765625,292.80999755859375,293.1499938964844,836000
2026-08-11,JLL,356.30999755859375,364.739990234375,356.30999755859375,363.3599853515625,215100
2026-08-11,KELYA,15.460000038146973,15.770000457763672,15.300000190734863,15.420000076293945,294900
2026-08-11,KR,56.13999938964844,56.9900016784668,55.810001373291016,56.25,6349600
2026-08-11,KSS,18.940000534057617,18.979999542236328,18.3799991607666,18.489999771118164,2348400
2026-08-11,LKFN,61.06999969482422,62.130001068115234,61.029998779296875,61.86000061035156,105000
2026-08-11,LLY,1230.6500244140625,1238.0,1209.530029296875,1215.02001953125,2113200
2026-08-11,LZB,41.38999938964844,41.939998626708984,41.11000061035156,41.540000915527344,366100
2026-08-11,MAS,75.0199966430664,76.19000244140625,74.75,76.13999938964844,2619200
2026-08-11,MCD,273.2300109863281,274.2099914550781,271.32000732421875,274.1499938964844,3030600
2026-08-11,MCS,29.989999771118164,30.329999923706055,28.6299991607666,28.68000030517578,228600
2026-08-11,MHO,149.4600067138672,152.63999938964844,149.4600067138672,152.27999877929688,165400
2026-08-11,MOD,194.8300018310547,204.32000732421875,193.5,198.32000732421875,1144400
2026-08-11,MPC,319.0,336.45001220703125,318.0,336.4200134277344,3183100
2026-08-11,MPLX,58.5,59.529998779296875,58.5,59.29999923706055,1349100
2026-08-11,MRTN,14.729999542236328,14.789999961853027,14.40999984741211,14.510000228881836,648000
2026-08-11,MSI,459.4100036621094,470.489990234375,457.8900146484375,466.8599853515625,764200
2026-08-11,NI,41.72999954223633,42.11000061035156,41.40999984741211,42.0099983215332,7579200
2026-08-11,NPK,138.75,141.8699951171875,138.07000732421875,138.22999572753906,80300
2026-08-11,NTRS,188.0500030517578,189.64999389648438,187.27000427246094,187.77999877929688,1343000
2026-08-11,OI,6.989999771118164,7.239999771118164,6.949999809265137,7.150000095367432,2217900
2026-08-11,OSK,156.14999389648438,159.50999450683594,155.0,155.77999877929688,581000
2026-08-11,PAG,216.5399932861328,218.2899932861328,216.22000122070312,216.66000366210938,333700
2026-08-11,PATK,86.55000305175781,88.56999969482422,85.37999725341797,87.41999816894531,332000
2026-08-11,PG,145.41000366210938,145.7100067138672,143.92999267578125,145.2100067138672,7936700
2026-08-11,PH,1061.31005859375,1076.1099853515625,1057.5899658203125,1061.3299560546875,410000
2026-08-11,PKG,254.0500030517578,258.6300048828125,252.9199981689453,257.42999267578125,493700
2026-08-11,REX,43.619998931884766,44.0,43.189998626708984,43.349998474121094,168200
2026-08-11,RKT,13.770000457763672,14.385000228881836,13.635000228881836,14.319999694824219,32739800
2026-08-11,ROK,436.3699951171875,449.05999755859375,436.3699951171875,447.0,831600
2026-08-11,SCL,65.33999633789062,65.91000366210938,64.38999938964844,65.05000305175781,84100
2026-08-11,SEAT,7.579999923706055,7.59499979019165,7.215000152587891,7.510000228881836,40800
2026-08-11,SGA,9.630000114440918,9.859999656677246,9.510000228881836,9.859999656677246,8600
2026-08-11,SJM,116.94000244140625,118.97000122070312,116.94000244140625,117.33999633789062,898700
2026-08-11,SKY,92.98999786376953,95.0,92.91999816894531,94.16999816894531,502900
2026-08-11,SNA,411.6499938964844,416.4700012207031,411.3699951171875,411.7799987792969,293300
2026-08-11,SPB,87.19000244140625,89.19000244140625,87.08999633789062,87.91000366210938,384300
2026-08-11,SPG,220.27000427246094,223.52999877929688,219.05999755859375,219.52999877929688,1877200
2026-08-11,SRCE,87.06999969482422,88.27999877929688,87.06999969482422,88.08000183105469,75800
2026-08-11,SSP,3.4200000762939453,3.4200000762939453,3.049999952316284,3.309999942779541,1226700
2026-08-11,SUI,118.36000061035156,120.05000305175781,117.97000122070312,118.66999816894531,704100
2026-08-11,SYK,344.45001220703125,349.7699890136719,344.45001220703125,348.1499938964844,1626800
2026-08-11,TDS,33.61000061035156,33.939998626708984,32.869998931884766,33.33000183105469,1003400
2026-08-11,THO,78.91999816894531,81.66999816894531,78.5999984741211,81.30999755859375,651500
2026-08-11,TR,39.439998626708984,39.869998931884766,39.439998626708984,39.560001373291016,102200
2026-08-11,TWI,7.170000076293945,7.349999904632568,7.059999942779541,7.139999866485596,457200
2026-08-11,UAL,125.0,127.04000091552734,123.91999816894531,126.30999755859375,2778200
2026-08-11,UFPI,91.58999633789062,92.87999725341797,91.25,92.81999969482422,404500
2026-08-11,ULTA,546.0,553.1799926757812,540.2999877929688,541.3499755859375,414600
2026-08-11,VTR,90.81999969482422,90.88999938964844,86.91999816894531,86.95999908447266,4890100
2026-08-11,WEC,105.70999908447266,107.0199966430664,105.4800033569336,106.68000030517578,1737000
2026-08-11,WHR,41.9900016784668,44.099998474121094,41.959999084472656,43.59000015258789,1437000
2026-08-11,WWW,18.639999389648438,18.719999313354492,18.190000534057617,18.200000762939453,692200
2026-08-11,ZBH,97.12000274658203,98.11000061035156,96.23999786376953,97.2300033569336,2727100
2026-08-11,ZBRA,378.0799865722656,385.1099853515625,376.260009765625,383.05999755859375,579000
2026-08-12,ADM,80.0,80.77999877929688,79.2699966430664,79.7300033569336,4830200
2026-08-12,AEP,123.62000274658203,124.70999908447266,123.41000366210938,124.6500015258789,2359400
2026-08-12,ALL,259.54998779296875,264.4599914550781,255.4499969482422,255.83999633789062,2591100
2026-08-12,ALLY,44.029998779296875,44.380001068115234,43.61000061035156,44.25,2931500
2026-08-12,ANF,117.44999694824219,117.44999694824219,112.1500015258789,112.2300033569336,1053900
2026-08-12,AOS,63.560001373291016,63.560001373291016,62.0099983215332,62.59000015258789,1262700
2026-08-12,BAX,27.200000762939453,27.399999618530273,26.639999389648438,26.950000762939453,6881500
2026-08-12,BBWI,18.790000915527344,18.799999237060547,18.100000381469727,18.1299991607666,5927600
2026-08-12,BMI,135.50999450683594,135.50999450683594,130.3000030517578,134.77000427246094,385400
2026-08-12,CARS,11.770000457763672,12.114999771118164,11.604999542236328,12.100000381469727,533300
2026-08-12,CCC,6.739999771118164,7.0,6.650000095367432,6.96999979019165,7088800
2026-08-12,CDW,135.8000030517578,137.14999389648438,132.67999267578125,136.6699981689453,1154800
2026-08-12,CF,115.76000213623047,120.18000030517578,113.80999755859375,120.01000213623047,3091400
2026-08-12,CME,256.9100036621094,263.3900146484375,256.8299865722656,262.1700134277344,1366200
2026-08-12,CMI,648.0,649.9500122070312,636.010009765625,637.8499755859375,800000
2026-08-12,CTS,65.30000305175781,65.45999908447266,63.27000045776367,63.619998931884766,170900
2026-08-12,DE,618.97998046875,623.280029296875,610.989990234375,619.77001953125,859000
2026-08-12,DOW,31.110000610351562,31.219999313354492,30.4950008392334,30.56999969482422,6615000
2026-08-12,DPZ,353.739990234375,355.54998779296875,349.8999938964844,353.7200012207031,410100
2026-08-12,DTE,137.9199981689453,138.92999267578125,137.5,138.67999267578125,1287000
2026-08-12,DTM,134.60000610351562,136.91000366210938,134.60000610351562,136.1199951171875,956800
2026-08-12,ELV,386.94000244140625,399.1600036621094,385.8399963378906,399.1400146484375,786700
2026-08-12,EXC,44.93000030517578,45.2400016784668,44.790000915527344,45.220001220703125,4379200
2026-08-12,F,14.029999732971191,14.079999923706055,13.789999961853027,13.829999923706055,38326500
2026-08-12,FISV,52.83000183105469,52.83000183105469,50.630001068115234,51.560001373291016,10119700
2026-08-12,FITB,57.689998626708984,58.060001373291016,57.38999938964844,58.0099983215332,5246400
2026-08-12,FSS,130.1699981689453,130.61000061035156,125.66000366210938,126.30999755859375,363500
2026-08-12,GE,369.7900085449219,370.20001220703125,363.239990234375,365.3299865722656,2180800
2026-08-12,GM,89.12000274658203,89.12000274658203,86.72000122070312,86.76000213623047,4832300
2026-08-12,GNRC,222.89999389648438,224.60000610351562,218.6999969482422,221.89999389648438,979900
2026-08-12,GT,6.130000114440918,6.179999828338623,5.920000076293945,6.039999961853027,9170200
2026-08-12,H,173.55999755859375,178.41000366210938,172.35000610351562,178.3699951171875,927100
2026-08-12,HOG,26.8799991607666,26.989999771118164,25.780000686645508,25.969999313354492,1615200
2026-08-12,HURC,22.3799991607666,22.520000457763672,21.920000076293945,22.209999084472656,12200
2026-08-12,INGR,103.93000030517578,104.8499984741211,103.3499984741211,103.75,820700
2026-08-12,ITW,292.7300109863281,294.2300109863281,289.760009765625,292.510009765625,912100
2026-08-12,JLL,368.7900085449219,368.7900085449219,359.6400146484375,362.739990234375,283000
2026-08-12,KELYA,15.25,15.4399995803833,15.039999961853027,15.4399995803833,323300
2026-08-12,KR,55.279998779296875,56.380001068115234,55.13999938964844,56.060001373291016,5472200
2026-08-12,KSS,18.510000228881836,19.389999389648438,18.309999465942383,19.270000457763672,3731400
2026-08-12,LKFN,61.91999816894531,62.91999816894531,61.81999969482422,62.25,135500
2026-08-12,LLY,1201.72998046875,1226.5,1191.0799560546875,1220.280029296875,1941600
2026-08-12,LZB,41.68000030517578,41.79999923706055,40.790000915527344,41.060001373291016,283500
2026-08-12,MAS,76.62999725341797,76.69000244140625,73.83000183105469,74.63999938964844,1969300
2026-08-12,MCD,271.92999267578125,276.20001220703125,268.760009765625,275.70001220703125,4351700
2026-08-12,MCS,28.600000381469727,29.799999237060547,28.190000534057617,29.65999984741211,236600
2026-08-12,MHO,152.4199981689453,153.4600067138672,149.67999267578125,151.07000732421875,200900
2026-08-12,MOD,209.17999267578125,211.94000244140625,199.5,199.52999877929688,1248800
2026-08-12,MPC,335.04998779296875,348.3500061035156,331.989990234375,348.25,2977400
2026-08-12,MPLX,59.5,60.15999984741211,59.470001220703125,59.939998626708984,1090300
2026-08-12,MRTN,14.529999732971191,15.039999961853027,14.520000457763672,14.960000038146973,660100
2026-08-12,MSI,466.2900085449219,470.6700134277344,462.3500061035156,469.739990234375,573700
2026-08-12,NI,41.81999969482422,42.369998931884766,41.66999816894531,41.9900016784668,6531300
2026-08-12,NPK,138.5800018310547,139.8300018310547,137.5500030517578,139.25999450683594,55900
2026-08-12,NTRS,188.72000122070312,191.4499969482422,188.2899932861328,191.3300018310547,1674900
2026-08-12,OI,7.139999866485596,7.199999809265137,6.710000038146973,6.75,3084100
2026-08-12,OSK,157.52000427246094,158.27000427246094,152.94000244140625,155.66000366210938,619800
2026-08-12,PAG,216.0,218.89999389648438,216.0,218.0,360000
2026-08-12,PATK,87.4800033569336,87.4800033569336,84.04000091552734,86.76000213623047,311000
2026-08-12,PG,144.0500030517578,144.94000244140625,143.7899932861328,144.0800018310547,7195000
2026-08-12,PH,1070.699951171875,1074.8399658203125,1062.02001953125,1069.52001953125,523400
2026-08-12,PKG,259.0,259.0,254.91000366210938,256.30999755859375,419800
2026-08-12,REX,42.959999084472656,43.900001525878906,42.86000061035156,43.709999084472656,136200
2026-08-12,RKT,14.649999618530273,14.649999618530273,13.75,14.050000190734863,33655400
2026-08-12,ROK,451.75,453.4200134277344,445.8299865722656,451.3900146484375,714500
2026-08-12,SCL,64.88999938964844,65.36000061035156,63.61000061035156,64.94000244140625,86800
2026-08-12,SEAT,7.610000133514404,7.71999979019165,7.260000228881836,7.260000228881836,36800
2026-08-12,SGA,9.760000228881836,10.199999809265137,9.720000267028809,10.149999618530273,7000
2026-08-12,SJM,116.36000061035156,119.26000213623047,115.81999969482422,118.79000091552734,1333800
2026-08-12,SKY,93.72000122070312,94.58999633789062,92.30000305175781,93.87999725341797,603500
2026-08-12,SNA,411.9700012207031,411.9700012207031,405.0400085449219,408.44000244140625,271100
2026-08-12,SPB,87.47000122070312,88.63999938964844,86.3499984741211,88.41999816894531,563100
2026-08-12,SPG,221.47999572753906,221.47999572753906,218.91000366210938,220.55999755859375,1582900
2026-08-12,SRCE,88.08000183105469,89.20999908447266,88.08000183105469,88.51000213623047,144000
2026-08-12,SSP,3.2699999809265137,3.4200000762939453,3.2699999809265137,3.390000104904175,460400
2026-08-12,SUI,118.0,118.69999694824219,117.73999786376953,118.33999633789062,713800
2026-08-12,SYK,342.19000244140625,347.4599914550781,339.3500061035156,347.2099914550781,2089900
2026-08-12,TDS,33.33000183105469,33.779998779296875,33.0,33.16999816894531,820000
2026-08-12,THO,80.47000122070312,80.5999984741211,77.94000244140625,78.97000122070312,634100
2026-08-12,TR,39.189998626708984,40.599998474121094,39.0,40.529998779296875,129700
2026-08-12,TWI,7.260000228881836,7.289999961853027,6.920000076293945,6.96999979019165,587500
2026-08-12,UAL,127.36000061035156,127.80000305175781,124.19000244140625,125.12000274658203,2280500
2026-08-12,UFPI,92.79000091552734,92.87000274658203,89.43000030517578,91.7699966430664,362800
2026-08-12,ULTA,537.989990234375,539.739990234375,530.6199951171875,531.8900146484375,510800
2026-08-12,VTR,86.94000244140625,89.13999938964844,86.94000244140625,89.01000213623047,2563900
2026-08-12,WEC,108.0999984741211,110.5199966430664,107.69000244140625,109.11000061035156,5786300
2026-08-12,WHR,43.38999938964844,43.38999938964844,42.15999984741211,42.849998474121094,1474900
2026-08-12,WWW,18.1299991607666,18.389999389648438,17.690000534057617,18.059999465942383,1198500
2026-08-12,ZBH,95.69000244140625,97.94000244140625,94.27999877929688,97.88999938964844,2733600
2026-08-12,ZBRA,384.2300109863281,386.2300109863281,374.0199890136719,378.3699951171875,748500
2026-08-13,ADM,79.91000366210938,81.05000305175781,79.66000366210938,80.1500015258789,2686600
2026-08-13,AEP,124.73999786376953,125.9000015258789,124.56999969482422,125.37999725341797,2246700
2026-08-13,ALL,257.5,261.239990234375,255.4600067138672,260.4800109863281,1423100
2026-08-13,ALLY,44.56999969482422,44.83000183105469,44.15999984741211,44.599998474121094,2190300
2026-08-13,ANF,113.0,114.08999633789062,108.29000091552734,108.81999969482422,1183000
2026-08-13,AOS,62.95000076293945,63.16999816894531,61.97999954223633,62.5,1044700
2026-08-13,BAX,27.020000457763672,27.450000762939453,26.899999618530273,27.049999237060547,6711300
2026-08-13,BBWI,18.31999969482422,18.799999237060547,17.93000030517578,18.6299991607666,5241400
2026-08-13,BMI,135.58999633789062,136.08999633789062,130.0,130.42999267578125,393700
2026-08-13,CARS,12.180000305175781,12.600000381469727,12.024999618530273,12.550000190734863,549200
2026-08-13,CCC,6.994999885559082,7.130000114440918,6.755000114440918,7.119999885559082,6448900
2026-08-13,CDW,136.1300048828125,142.33999633789062,136.1300048828125,142.0500030517578,1466500
2026-08-13,CF,117.66000366210938,120.55000305175781,116.08999633789062,117.05000305175781,2065400
2026-08-13,CME,262.1700134277344,267.5899963378906,261.3999938964844,267.2099914550781,2023300
2026-08-13,CMI,640.260009765625,641.1799926757812,629.5800170898438,631.6099853515625,559900
2026-08-13,CTS,64.25,64.25,62.119998931884766,62.56999969482422,140000
2026-08-13,DE,619.5499877929688,622.010009765625,611.1099853515625,612.3800048828125,517500
2026-08-13,DOW,30.350000381469727,30.725000381469727,30.184999465942383,30.360000610351562,6867500
2026-08-13,DPZ,357.6700134277344,358.010009765625,347.1600036621094,350.8800048828125,617300
2026-08-13,DTE,139.27999877929688,139.94000244140625,138.72999572753906,139.52999877929688,1891500
2026-08-13,DTM,135.60000610351562,137.07000732421875,134.47000122070312,134.7899932861328,804000
2026-08-13,ELV,400.79998779296875,404.7200012207031,397.6300048828125,398.2200012207031,652300
2026-08-13,EXC,45.439998626708984,45.77000045776367,45.36000061035156,45.599998474121094,4000300
2026-08-13,F,13.859999656677246,14.010000228881836,13.819999694824219,13.890000343322754,26341400
2026-08-13,FISV,52.13999938964844,55.97999954223633,52.0,55.5,8486200
2026-08-13,FITB,58.279998779296875,58.4900016784668,57.849998474121094,57.939998626708984,4237600
2026-08-13,FSS,127.22000122070312,128.42999267578125,122.44000244140625,123.05999755859375,518400
2026-08-13,GE,367.0,367.0799865722656,359.54998779296875,360.6400146484375,2738400
2026-08-13,GM,86.8499984741211,87.3499984741211,86.2300033569336,86.38999938964844,3541900
2026-08-13,GNRC,221.7100067138672,225.33999633789062,215.0,216.66000366210938,1116700
2026-08-13,GT,6.039999961853027,6.360000133514404,6.039999961853027,6.179999828338623,14778500
2026-08-13,H,179.16000366210938,180.97000122070312,178.14999389648438,179.85000610351562,1002500
2026-08-13,HOG,26.020000457763672,27.950000762939453,26.020000457763672,27.850000381469727,3612800
2026-08-13,HURC,22.299999237060547,22.43000030517578,21.899999618530273,22.06999969482422,7400
2026-08-13,INGR,104.55000305175781,105.7300033569336,104.44999694824219,105.0999984741211,584000
2026-08-13,ITW,294.79998779296875,295.1000061035156,288.70001220703125,290.9800109863281,683700
2026-08-13,JLL,364.0,369.70001220703125,361.7799987792969,369.5199890136719,247700
2026-08-13,KELYA,15.649999618530273,16.309999465942383,15.539999961853027,16.309999465942383,317500
2026-08-13,KR,56.52000045776367,57.54999923706055,56.43000030517578,57.22999954223633,5221900
2026-08-13,KSS,19.239999771118164,19.649999618530273,18.6299991607666,19.6200008392334,3413200
2026-08-13,LKFN,62.75,63.15999984741211,62.349998474121094,62.68000030517578,300700
2026-08-13,LLY,1238.300048828125,1240.0999755859375,1206.0,1209.0,1927300
2026-08-13,LZB,41.540000915527344,42.130001068115234,41.060001373291016,41.720001220703125,351600
2026-08-13,MAS,75.76000213623047,76.51000213623047,74.48999786376953,74.58000183105469,2047300
2026-08-13,MCD,277.3800048828125,278.3699951171875,272.1499938964844,272.25,4023300
2026-08-13,MCS,29.700000762939453,30.40999984741211,29.579999923706055,30.139999389648438,211700
2026-08-13,MHO,154.86000061035156,156.4499969482422,152.55999755859375,154.25999450683594,161500
2026-08-13,MOD,200.35000610351562,206.3800048828125,196.77000427246094,203.50999450683594,1049900
2026-08-13,MPC,345.3999938964844,357.20001220703125,344.0,356.3699951171875,2232900
2026-08-13,MPLX,59.75,60.08000183105469,58.81999969482422,58.81999969482422,1447300
2026-08-13,MRTN,15.050000190734863,15.270000457763672,15.050000190734863,15.229999542236328,667000
2026-08-13,MSI,469.80999755859375,471.0,460.6000061035156,465.0400085449219,638200
2026-08-13,NI,42.189998626708984,42.36000061035156,42.040000915527344,42.08000183105469,4697100
2026-08-13,NPK,140.0399932861328,140.85000610351562,135.72000122070312,137.8000030517578,85100
2026-08-13,NTRS,193.0399932861328,195.77999877929688,189.3000030517578,190.47999572753906,806300
2026-08-13,OI,6.619999885559082,6.980000019073486,6.610000133514404,6.840000152587891,3399900
2026-08-13,OSK,155.6699981689453,157.3300018310547,151.0500030517578,152.35000610351562,527600
2026-08-13,PAG,218.8800048828125,219.9199981689453,217.3000030517578,218.6699981689453,282500
2026-08-13,PATK,87.30000305175781,88.06999969482422,86.33999633789062,86.45999908447266,264100
2026-08-13,PG,144.58999633789062,145.8000030517578,144.0,144.25999450683594,7491300
2026-08-13,PH,1070.5899658203125,1070.5899658203125,1052.2900390625,1058.8699951171875,617000
2026-08-13,PKG,259.25,259.9800109863281,255.9199981689453,257.04998779296875,375700
2026-08-13,REX,43.66999816894531,44.099998474121094,43.58000183105469,43.689998626708984,143200
2026-08-13,RKT,14.300000190734863,15.180000305175781,14.260000228881836,15.039999961853027,35236900
2026-08-13,ROK,453.3900146484375,453.3900146484375,445.1499938964844,445.510009765625,498200
2026-08-13,SCL,65.0,65.4800033569336,64.7699966430664,65.27999877929688,82300
2026-08-13,SEAT,7.21999979019165,7.690000057220459,7.150000095367432,7.159999847412109,74400
2026-08-13,SGA,10.0,10.050000190734863,9.5,9.710000038146973,13900
2026-08-13,SJM,119.86000061035156,121.0,119.52999877929688,120.62999725341797,932600
2026-08-13,SKY,94.9000015258789,96.3499984741211,94.1500015258789,96.30999755859375,839100
2026-08-13,SNA,409.6600036621094,412.6700134277344,402.5199890136719,404.6300048828125,203800
2026-08-13,SPB,89.25,91.29000091552734,89.25,90.69000244140625,594400
2026-08-13,SPG,222.08999633789062,223.6300048828125,221.1999969482422,221.47000122070312,1089600
2026-08-13,SRCE,89.11000061035156,89.47000122070312,88.36000061035156,88.62999725341797,131700
2026-08-13,SSP,3.380000114440918,3.4800000190734863,3.309999942779541,3.3499999046325684,477300
2026-08-13,SUI,118.58999633789062,120.37999725341797,118.58999633789062,120.19000244140625,620100
2026-08-13,SYK,345.0199890136719,346.6400146484375,339.5299987792969,341.0899963378906,2017200
2026-08-13,TDS,33.43000030517578,35.209999084472656,33.34000015258789,35.040000915527344,1238700
2026-08-13,THO,77.70999908447266,80.16999816894531,77.70999908447266,78.87999725341797,845100
2026-08-13,TR,40.90999984741211,40.93000030517578,39.66999816894531,40.2400016784668,269000
2026-08-13,TWI,7.039999961853027,7.070000171661377,6.78000020980835,6.789999961853027,593600
2026-08-13,UAL,128.0,128.5,125.91000366210938,126.3499984741211,2497700
2026-08-13,UFPI,92.58999633789062,93.68000030517578,91.11000061035156,91.2699966430664,275100
2026-08-13,ULTA,531.8900146484375,534.27001953125,512.2000122070312,515.5700073242188,758800
2026-08-13,VTR,89.48999786376953,90.56999969482422,89.3499984741211,90.29000091552734,2306100
2026-08-13,WEC,109.27999877929688,110.5999984741211,109.27999877929688,110.27999877929688,4271100
2026-08-13,WHR,43.36000061035156,43.970001220703125,42.72999954223633,42.849998474121094,1372900
2026-08-13,WWW,19.6200008392334,20.360000610351562,18.979999542236328,19.8799991607666,1240200
2026-08-13,ZBH,98.41999816894531,100.05999755859375,97.62000274658203,99.56999969482422,2619400
2026-08-13,ZBRA,381.1099853515625,382.5299987792969,376.1499938964844,379.6300048828125,760000
