Great Lakes 100,,,,
Component History,,,,
New components are in bold,,,,
,,,,
"August 1, 2005",,,,
"""The Original 25"": The Great Lakes 25",,,,
1st Source Corp.,American Electric Power,Aquila,Bob Evans Farms,CF Industries
Chemical Financial Corp.,Coachmen Industries,Dean Foods,Delphi Corp.,Dow Chemical
Drew Industries,DSW,Fifth Third Bancorp,Ford Motor Company,General Motors Corp.
German American Bancorp,Lakeland Financial,McDonald's Corp.,MFB Corp.,Shoe Carnival
Skyline Corp.,St. Joseph Capital Corp.,Wendy's International,Whirlpool Corp. ,Wm. Wrigley Jr. Company
,,,,
"August 31, 2005",,,,
The Great Lakes 35,,,,
1st Source Corp.,American Electric Power,Aquila,Biomet,Bob Evans Farms
CF Industries,Chemical Financial Corp.,Coachmen Industries,CTS Corp.,Dean Foods
Delphi Corp.,Dow Chemical,Drew Industries,DSW,Fifth Third Bancorp
Ford Motor Company,General Motors Corp.,German American Bancorp,Honeywell International,Horizon Bancorp IN
Kellogg,La-Z-Boy,Lakeland Financial,McDonald's Corp.,MFB Corp.
NiSource,Patrick Industries,Sears Holdings Corp.,Shoe Carnival,Skyline Corp.
St. Joseph Capital Corp.,Wendy's International,Whirlpool Corp. ,Wm. Wrigley Jr. Company,Zimmer Holdings
,,,,
"September 22, 2005",,,,
The Great Lakes 50,,,,
"STOCK DELETED: HORIZON 
BANCORP IN",,,,
1st Source Corp.,American Electric Power,Aquila,Biomet,Bob Evans Farms
Bowater,Brunswick Corp.,CF Industries,Chemical Financial Corp.,Coachmen Industries
Cooper Tire & Rubber,CTS Corp.,Dean Foods,Deere & Co.,Delphi Corp.
DeVry,Domino's Pizza,Dow Chemical,Drew Industries,DSW
Fifth Third Bancorp,Ford Motor Company,General Motors Corp.,German American Bancorp,Goodyear Tire & Rubber
Harley-Davidson,Honeywell International,ITT Educational Services,Johnson Controls,Kellogg
Kohl's,Kroger,La-Z-Boy,Lakeland Financial,McDonald's Corp.
MFB Corp.,Modine Manufacturing,NiSource,Oshkosh Corp.,Patrick Industries
Papa John's International,Sears Holdings Corp.,Shoe Carnival,Skyline Corp.,St. Joseph Capital Corp.
Wendy's International,Whirlpool Corp. ,Wisconsin Energy,Wm. Wrigley Jr. Company,Zimmer Holdings
,,,,
"October 10, 2005",,,,
The Great Lakes 64 (63 components),,,,
"STOCKS DELETED: BOWATER, 
DEAN FOODS & MFB CORP.",,,,
1st Source Corp.,Aastrom Biosciences,Alberto-Culver,American Electric Power,Aquila
Archer-Daniels-Midland (ADM),Biomet,Bob Evans Farms,Brunswick Corp.,CF Industries
Chemical Financial Corp.,Coachmen Industries,Cooper Tire & Rubber,Compuware,CTS Corp.
Deere & Co.,Delphi Corp.,DeVry,Domino's Pizza,Dow Chemical
Drew Industries,DSW,Fifth Third Bancorp,Ford Motor Company,General Motors Corp.
German American Bancorp,Goodyear Tire & Rubber,Harley-Davidson,Honeywell International,ITT Educational Services
Johnson Controls,Kaydon Corp.,Kellogg,Kohl's,Kraft Foods
Kroger,La-Z-Boy,Lakeland Financial,Lear Corp.,McDonald's Corp.
Modine Manufacturing,Neogen,NiSource,Oshkosh Corp.,Packaging Corp. of America
Patrick Industries,Papa John's International,Perrigo Co.,Pulte Homes,Sears Holdings Corp.
Shoe Carnival,Skyline Corp.,St. Joseph Capital Corp.,Stericycle,Stryker Corp.
Sun Communities,"Syntel, Inc.",Wendy's International,Whirlpool Corp. ,Wisconsin Energy
Wm. Wrigley Jr. Company,Wolverine Worldwide,Zimmer Holdings,,
,,,,
"October 11, 2005",,,,
The Great Lakes 64 ,,,,
STOCKS DELETED: DELPHI CORP.,,,,
1st Source Corp.,Aastrom Biosciences,Alberto-Culver,American Electric Power,Aquila
Archer-Daniels-Midland (ADM),Biomet,Bob Evans Farms,Brunswick Corp.,CF Industries
Chemical Financial Corp.,Coachmen Industries,Cooper Tire & Rubber,Compuware,CTS Corp.
Deere & Co.,DeVry,Domino's Pizza,Dow Chemical,Drew Industries
DSW,Fifth Third Bancorp,Ford Motor Company,General Motors Corp.,German American Bancorp
Goodyear Tire & Rubber,Harley-Davidson,Honeywell International,ITT Educational Services,Johnson Controls
Kaydon Corp.,Kellogg,Kohl's,Kraft Foods,Kroger
La-Z-Boy,Lakeland Financial,Lear Corp.,McDonald's Corp.,Modine Manufacturing
Neogen,NiSource,Oshkosh Corp.,Packaging Corp. of America,Patrick Industries
Papa John's International,Perrigo Co.,Procter & Gamble,Pulte Homes,REX Stores Corp.
Sears Holdings Corp.,Shoe Carnival,Skyline Corp.,St. Joseph Capital Corp.,Stericycle
Stryker Corp.,Sun Communities,"Syntel, Inc.",Wendy's International,Whirlpool Corp. 
Wisconsin Energy,Wm. Wrigley Jr. Company,Wolverine Worldwide,Zimmer Holdings,
,,,,
"October 21, 2005",,,,
The Great Lakes 64,,,,
"STOCKS DELETED: PAPA 
JOHN'S 
INTERNATIONAL",,,,
1st Source Corp.,Aastrom Biosciences,Alberto-Culver,American Electric Power,Aquila
Archer-Daniels-Midland (ADM),Biomet,Bob Evans Farms,Brunswick Corp.,CBOT Holdings
CF Industries,Chemical Financial Corp.,Coachmen Industries,Cooper Tire & Rubber,Compuware
CTS Corp.,Deere & Co.,DeVry,Domino's Pizza,Dow Chemical
Drew Industries,DSW,Fifth Third Bancorp,Ford Motor Company,General Motors Corp.
German American Bancorp,Goodyear Tire & Rubber,Harley-Davidson,Honeywell International,ITT Educational Services
Johnson Controls,Kaydon Corp.,Kellogg,Kohl's,Kraft Foods
Kroger,La-Z-Boy,Lakeland Financial,Lear Corp.,McDonald's Corp.
Modine Manufacturing,Neogen,NiSource,Oshkosh Corp.,Packaging Corp. of America
Patrick Industries,Perrigo Co.,Procter & Gamble,Pulte Homes,REX Stores Corp.
Sears Holdings Corp.,Shoe Carnival,Skyline Corp.,St. Joseph Capital Corp.,Stericycle
Stryker Corp.,Sun Communities,"Syntel, Inc.",Wendy's International,Whirlpool Corp. 
Wisconsin Energy,Wm. Wrigley Jr. Company,Wolverine Worldwide,Zimmer Holdings,
,,,,
"February 6, 2006",,,,
The Great Lakes 64,,,,
STOCKS DELETED: KAYDON CORP.,,,,
1st Source Corp.,Aastrom Biosciences,Alberto-Culver,American Electric Power,Aquila
Archer-Daniels-Midland (ADM),Biomet,Bob Evans Farms,Brunswick Corp.,"Caterpillar, Inc."
CBOT Holdings,CF Industries,Chemical Financial Corp.,Coachmen Industries,Cooper Tire & Rubber
Compuware,CTS Corp.,Deere & Co.,DeVry,Domino's Pizza
Dow Chemical,Drew Industries,DSW,Fifth Third Bancorp,Ford Motor Company
General Motors Corp.,German American Bancorp,Goodyear Tire & Rubber,Harley-Davidson,Honeywell International
ITT Educational Services,Johnson Controls,Kellogg,Kohl's,Kraft Foods
Kroger,La-Z-Boy,Lakeland Financial,Lear Corp.,McDonald's Corp.
Modine Manufacturing,Neogen,NiSource,Oshkosh Corp.,Packaging Corp. of America
Patrick Industries,Perrigo Co.,Procter & Gamble,Pulte Homes,REX Stores Corp.
Sears Holdings Corp.,Shoe Carnival,Skyline Corp.,St. Joseph Capital Corp.,Stericycle
Stryker Corp.,Sun Communities,"Syntel, Inc.",Wendy's International,Whirlpool Corp. 
Wisconsin Energy,Wm. Wrigley Jr. Company,Wolverine Worldwide,Zimmer Holdings,
,,,,
"March 7, 2006",,,,
The Great Lakes 64,,,,
"STOCKS DELETED: NEOGEN, 
REX STORES & 
WISCONSIN ENERGY",,,,
1st Source Corp.,Aastrom Biosciences,Alberto-Culver,American Electric Power,Aquila
Archer-Daniels-Midland (ADM),Biomet,Bob Evans Farms,Brunswick Corp.,"Caterpillar, Inc."
CBOT Holdings,CF Industries,Chemical Financial Corp.,Coachmen Industries,Cooper Tire & Rubber
Compuware,CTS Corp.,Deere & Co.,DeVry,Domino's Pizza
Dow Chemical,Drew Industries,DSW,Eli Lilly & Co.,Exelon Corp.
Fifth Third Bancorp,Ford Motor Company,General Motors Corp.,German American Bancorp,Goodyear Tire & Rubber
Harley-Davidson,Honeywell International,ITT Educational Services,Johnson Controls,Kellogg
Kohl's,Kraft Foods,Kroger,La-Z-Boy,Lakeland Financial
Lear Corp.,McDonald's Corp.,Midway Games,Modine Manufacturing,NiSource
Oshkosh Corp.,Packaging Corp. of America,Patrick Industries,Perrigo Co.,Procter & Gamble
Pulte Homes,Sears Holdings Corp.,Shoe Carnival,Skyline Corp.,St. Joseph Capital Corp.
Stericycle,Stryker Corp.,Sun Communities,"Syntel, Inc.",Wendy's International
Whirlpool Corp. ,Wm. Wrigley Jr. Company,Wolverine Worldwide,Zimmer Holdings,
,,,,
"July 7, 2006",,,,
The Great Lakes 64,,,,
"STOCKS DELETED: BRUNSWICK 
CORP., 
GERMAN AMERICAN 
BANCORP & COOPER TIRE",,,,
1st Source Corp.,Aastrom Biosciences,Alberto-Culver,American Electric Power,Aquila
Archer-Daniels-Midland (ADM),Biomet,Bob Evans Farms,"Caterpillar, Inc.",CBOT Holdings
CF Industries,Chemical Financial Corp.,Coachmen Industries,Comerica,Compuware
CTS Corp.,Deere & Co.,DeVry,Domino's Pizza,Dow Chemical
Drew Industries,DSW,Eli Lilly & Co.,Exelon Corp.,Fifth Third Bancorp
Ford Motor Company,General Motors Corp.,Goodyear Tire & Rubber,Harley-Davidson,Honeywell International
ITT Educational Services,Johnson Controls,Kellogg,Kohl's,Kraft Foods
Kroger,La-Z-Boy,Lakeland Financial,Lear Corp.,McDonald's Corp.
Midway Games,Modine Manufacturing,NiSource,Olympic Steel,Oshkosh Corp.
Packaging Corp. of America,Patrick Industries,Perrigo Co.,Procter & Gamble,Pulte Homes
Sears Holdings Corp.,Shoe Carnival,Skyline Corp.,St. Joseph Capital Corp.,Stericycle
Stryker Corp.,Sun Communities,"Syntel, Inc.",Tribune Company,Wendy's International
Whirlpool Corp. ,Wm. Wrigley Jr. Company,Wolverine Worldwide,Zimmer Holdings,
,,,,
"July 17, 2006",,,,
The Great Lakes 64,,,,
"STOCKS DELETED: AQUILA, 
HONEYWELL INTERNATIONAL & 
STRYKER",,,,
1st Source Corp.,Aastrom Biosciences,Alberto-Culver,American Electric Power,Archer-Daniels-Midland (ADM)
Biomet,Bob Evans Farms,Boeing,"Caterpillar, Inc.",CBOT Holdings
CF Industries,Chemical Financial Corp.,Coachmen Industries,Comerica,Compuware
CTS Corp.,Deere & Co.,DeVry,Domino's Pizza,Dow Chemical
Drew Industries,DSW,Eli Lilly & Co.,Exelon Corp.,Fifth Third Bancorp
Ford Motor Company,Fortune Brands,General Motors Corp.,Goodyear Tire & Rubber,Harley-Davidson
ITT Educational Services,Johnson Controls,Kellogg,Kohl's,Kraft Foods
Kroger,La-Z-Boy,Lakeland Financial,Lear Corp.,McDonald's Corp.
Midway Games,Modine Manufacturing,NiSource,Olympic Steel,Oshkosh Corp.
Packaging Corp. of America,Patrick Industries,Perrigo Co.,Procter & Gamble,Pulte Homes
Sears Holdings Corp.,Shoe Carnival,Skyline Corp.,St. Joseph Capital Corp.,Stericycle
Sun Communities,"Syntel, Inc.",Tribune Company,UAL Corp.,Wendy's International
Whirlpool Corp. ,Wm. Wrigley Jr. Company,Wolverine Worldwide,Zimmer Holdings,
,,,,
"November 20, 2006",,,,
The Great Lakes 86,,,,
1st Source Corp.,Aastrom Biosciences,Abercrombie & Fitch,AK Steel Holdings,Alberto-Culver
Allstate,American Electric Power,American Greetings,Archer-Daniels-Midland (ADM),Big Lots
Biomet,Bob Evans Farms,Boeing,Borders Group,Briggs & Stratton
"Caterpillar, Inc.",CBOT Holdings,CF Industries,Chemical Financial Corp.,Coachmen Industries
Comerica,Compuware,CTS Corp.,Deere & Co.,DeVry
Domino's Pizza,Dow Chemical,Drew Industries,DSW,Eaton Corp.
Eli Lilly & Co.,Emmis Communications,Exelon Corp.,Fifth Third Bancorp,Ford Motor Company
Fortune Brands,General Motors Corp.,Goodyear Tire & Rubber,Harley-Davidson,ITT Educational Services
Illinois Tool Works,Johnson Controls,Kellogg,Kelly Services,Kohl's
Kraft Foods,Kroger,La-Z-Boy,Lakeland Financial,Lear Corp.
Masco,McDonald's Corp.,Midway Games,Modine Manufacturing,National City
Navistar International,NCR Corp.,NiSource,Olympic Steel,Oshkosh Corp.
Owens-Illinois,Packaging Corp. of America,Parker Hannifin Corp.,Patrick Industries,Perrigo Co.
Playboy Enterprises,Procter & Gamble,Pulte Homes,Sears Holdings Corp.,Shoe Carnival
Skyline Corp.,Snap-on,Spartan Stores,St. Joseph Capital Corp.,Stericycle
Sun Communities,"Syntel, Inc.",Tribune Company,UAL Corp.,United Auto Group
Walgreen,Wendy's International,Whirlpool Corp. ,Wm. Wrigley Jr. Company,Wolverine Worldwide
Zimmer Holdings,,,,
,,,,
"December 21, 2006",,,,
The Great Lakes 86,,,,
"STOCKS DELETED: NAVISTAR 
INTERNATIONAL",,,,
1st Source Corp.,Aastrom Biosciences,Abercrombie & Fitch,AK Steel Holdings,Alberto-Culver
Allstate,American Electric Power,American Greetings,Andrew Corp.,Archer-Daniels-Midland (ADM)
Big Lots,Biomet,Bob Evans Farms,Boeing,Borders Group
Briggs & Stratton,"Caterpillar, Inc.",CBOT Holdings,CF Industries,Chemical Financial Corp.
Coachmen Industries,Comerica,Compuware,CTS Corp.,Deere & Co.
DeVry,Domino's Pizza,Dow Chemical,Drew Industries,DSW
Eaton Corp.,Eli Lilly & Co.,Emmis Communications,Exelon Corp.,Fifth Third Bancorp
Ford Motor Company,Fortune Brands,General Motors Corp.,Goodyear Tire & Rubber,Harley-Davidson
ITT Educational Services,Illinois Tool Works,Johnson Controls,Kellogg,Kelly Services
Kohl's,Kraft Foods,Kroger,La-Z-Boy,Lakeland Financial
Lear Corp.,Masco,McDonald's Corp.,Midway Games,Modine Manufacturing
National City,NCR Corp.,NiSource,Olympic Steel,Oshkosh Corp.
Owens-Illinois,Packaging Corp. of America,Parker Hannifin Corp.,Patrick Industries,Perrigo Co.
Playboy Enterprises,Procter & Gamble,Pulte Homes,Sears Holdings Corp.,Shoe Carnival
Skyline Corp.,Snap-on,Spartan Stores,St. Joseph Capital Corp.,Stericycle
Sun Communities,"Syntel, Inc.",Tribune Company,UAL Corp.,United Auto Group
Walgreen,Wendy's International,Whirlpool Corp. ,Wm. Wrigley Jr. Company,Wolverine Worldwide
Zimmer Holdings,,,,
,,,,
"January 19, 2007",,,,
The Great Lakes 100,,,,
"STOCKS DELETED: EMMIS 
COMMUNICATIONS",,,,
1st Source Corp.,Aastrom Biosciences,Abercrombie & Fitch,AK Steel Holdings,Alberto-Culver
Allscripts Healthcare Solutions,Allstate,American Axle & Manufacturing,American Electric Power,American Greetings
Andrew Corp.,Archer-Daniels-Midland (ADM),Big Lots,Biomet,Bob Evans Farms
Boeing,Borders Group,Briggs & Stratton,"Caterpillar, Inc.",CBOT Holdings
CF Industries,Chemical Financial Corp.,Coachmen Industries,Comerica,Compuware
CTS Corp.,Deere & Co.,DeVry,Domino's Pizza,Dow Chemical
Drew Industries,DSW,Eaton Corp.,Eli Lilly & Co.,Exelon Corp.
Federated Department Stores,Fifth Third Bancorp,Ford Motor Company,Fortune Brands,FreightCar America
General Motors Corp.,Goodyear Tire & Rubber,Harley-Davidson,ITT Educational Services,Illinois Tool Works
Johnson Controls,Kellogg,Kelly Services,Kohl's,Koss Corp.
Kraft Foods,Kroger,La-Z-Boy,Laidlaw International,Lakeland Financial
Lear Corp.,Masco,McDonald's Corp.,Midway Games,Modine Manufacturing
Motorola Corp.,National City,NCR Corp.,NICOR,NiSource
Olympic Steel,Oshkosh Corp.,Owens-Illinois,Packaging Corp. of America,Parker Hannifin Corp.
Patrick Industries,Perrigo Co.,Playboy Enterprises,Procter & Gamble,Pulte Homes
Quixote Corp.,Republic Airways Holdings,Saga Communications,Sears Holdings Corp.,Shoe Carnival
Skyline Corp.,Snap-on,Spartan Stores,St. Joseph Capital Corp.,Steak 'n Shake
Stericycle,Sun Communities,"Syntel, Inc.",Third Wave Technologies,Tribune Company
UAL Corp.,United Auto Group,Walgreen,"WellPoint, Inc.",Wendy's International
Whirlpool Corp. ,Wm. Wrigley Jr. Company,Wolverine Worldwide,X-Rite,Zimmer Holdings
,,,,
"January 23, 2007",,,,
The Great Lakes 100,,,,
"STOCKS DELETED: AMERICAN 
AXLE & MANUFACTURING",,,,
1st Source Corp.,Aastrom Biosciences,Abercrombie & Fitch,AK Steel Holdings,Alberto-Culver
Allscripts Healthcare Solutions,Allstate,American Electric Power,American Greetings,Andrew Corp.
Archer-Daniels-Midland (ADM),Big Lots,Biomet,Bob Evans Farms,Boeing
Borders Group,Briggs & Stratton,"Caterpillar, Inc.",CBOT Holdings,"Cedar Fair, LP"
CF Industries,Chemical Financial Corp.,Coachmen Industries,Comerica,Compuware
CTS Corp.,Deere & Co.,DeVry,Domino's Pizza,Dow Chemical
Drew Industries,DSW,Eaton Corp.,Eli Lilly & Co.,Exelon Corp.
Federated Department Stores,Fifth Third Bancorp,Ford Motor Company,Fortune Brands,FreightCar America
General Motors Corp.,Goodyear Tire & Rubber,Harley-Davidson,ITT Educational Services,Illinois Tool Works
Johnson Controls,Kellogg,Kelly Services,Kohl's,Koss Corp.
Kraft Foods,Kroger,La-Z-Boy,Laidlaw International,Lakeland Financial
Lear Corp.,Masco,McDonald's Corp.,Midway Games,Modine Manufacturing
Motorola Corp.,National City,NCR Corp.,NICOR,NiSource
Olympic Steel,Oshkosh Corp.,Owens-Illinois,Packaging Corp. of America,Parker Hannifin Corp.
Patrick Industries,Perrigo Co.,Playboy Enterprises,Procter & Gamble,Pulte Homes
Quixote Corp.,Republic Airways Holdings,Saga Communications,Sears Holdings Corp.,Shoe Carnival
Skyline Corp.,Snap-on,Spartan Stores,St. Joseph Capital Corp.,Steak 'n Shake
Stericycle,Sun Communities,"Syntel, Inc.",Third Wave Technologies,Tribune Company
UAL Corp.,United Auto Group,Walgreen,"WellPoint, Inc.",Wendy's International
Whirlpool Corp. ,Wm. Wrigley Jr. Company,Wolverine Worldwide,X-Rite,Zimmer Holdings
,,,,
"February 1, 2007",,,,
The Great Lakes 100,,,,
"STOCKS DELETED: ST. JOSEPH 
CAPITAL CORP.",,,,
1st Source Corp.,Aastrom Biosciences,Abercrombie & Fitch,AK Steel Holdings,Alberto-Culver
Allscripts Healthcare Solutions,Allstate,American Electric Power,American Greetings,Andrew Corp.
Archer-Daniels-Midland (ADM),Big Lots,Biomet,Bob Evans Farms,Boeing
Borders Group,Briggs & Stratton,"Caterpillar, Inc.",CBOT Holdings,"Cedar Fair, LP"
CF Industries,Chemical Financial Corp.,Coachmen Industries,Comerica,Compuware
CTS Corp.,Deere & Co.,DeVry,Domino's Pizza,Dow Chemical
Drew Industries,DSW,Eaton Corp.,Eli Lilly & Co.,Exelon Corp.
Federated Department Stores,Fifth Third Bancorp,Ford Motor Company,Fortune Brands,FreightCar America
General Motors Corp.,Goodyear Tire & Rubber,Harley-Davidson,ITT Educational Services,Illinois Tool Works
Johnson Controls,Kellogg,Kelly Services,Kohl's,Koss Corp.
Kraft Foods,Kroger,La-Z-Boy,Laidlaw International,Lakeland Financial
Lear Corp.,Masco,McDonald's Corp.,Midway Games,Modine Manufacturing
Motorola Corp.,National City,NCR Corp.,NICOR,NiSource
Old National Bancorp,Olympic Steel,Oshkosh Corp.,Owens-Illinois,Packaging Corp. of America
Parker Hannifin Corp.,Patrick Industries,Perrigo Co.,Playboy Enterprises,Procter & Gamble
Pulte Homes,Quixote Corp.,Republic Airways Holdings,Saga Communications,Sears Holdings Corp.
Shoe Carnival,Skyline Corp.,Snap-on,Spartan Stores,Steak 'n Shake
Stericycle,Sun Communities,"Syntel, Inc.",Third Wave Technologies,Tribune Company
UAL Corp.,United Auto Group,Walgreen,"WellPoint, Inc.",Wendy's International
Whirlpool Corp. ,Wm. Wrigley Jr. Company,Wolverine Worldwide,X-Rite,Zimmer Holdings
,,,,
"May 29, 2007",,,,
The Great Lakes 100,,,,
"STOCKS DELETED: DREW 
INDUSTRIES",,,,
1st Source Corp.,Aastrom Biosciences,Abercrombie & Fitch,AK Steel Holdings,Alberto-Culver
Allscripts Healthcare Solutions,Allstate,American Electric Power,American Greetings,Andrew Corp.
Archer-Daniels-Midland (ADM),Big Lots,Biomet,Bob Evans Farms,Boeing
Borders Group,Briggs & Stratton,"Caterpillar, Inc.",CBOT Holdings,"Cedar Fair, LP"
CF Industries,Chemical Financial Corp.,Coachmen Industries,Comerica,Compuware
CTS Corp.,Deere & Co.,DeVry,Domino's Pizza,Dow Chemical
DSW,Eaton Corp.,Eli Lilly & Co.,Exelon Corp.,Federated Department Stores
Fifth Third Bancorp,Ford Motor Company,Fortune Brands,FreightCar America,General Motors Corp.
Goodyear Tire & Rubber,Harley-Davidson,ITT Educational Services,Illinois Tool Works,Johnson Controls
Kellogg,Kelly Services,Kohl's,Koss Corp.,Kraft Foods
Kroger,La-Z-Boy,Laidlaw International,Lakeland Financial,Lear Corp.
Masco,McDonald's Corp.,Midway Games,Modine Manufacturing,Motorola Corp.
National City,NCR Corp.,NICOR,NiSource,Old National Bancorp
Olympic Steel,Oshkosh Corp.,Owens-Illinois,Packaging Corp. of America,Parker Hannifin Corp.
Patrick Industries,Perrigo Co.,Playboy Enterprises,Procter & Gamble,Pulte Homes
Quixote Corp.,Republic Airways Holdings,Saga Communications,Sears Holdings Corp.,Shoe Carnival
Skyline Corp.,Snap-on,Spartan Stores,Steak 'n Shake,Stericycle
Sun Communities,"Syntel, Inc.",Third Wave Technologies,Tribune Company,UAL Corp.
United Auto Group,USG Corp.,Walgreen,"WellPoint, Inc.",Wendy's International
Whirlpool Corp. ,Wm. Wrigley Jr. Company,Wolverine Worldwide,X-Rite,Zimmer Holdings
,,,,
"June 1, 2007",,,,
The Great Lakes 100,,,,
"NAME CHANGE: FEDERATED DEPT. 
STORES",,,,
1st Source Corp.,Aastrom Biosciences,Abercrombie & Fitch,AK Steel Holdings,Alberto-Culver
Allscripts Healthcare Solutions,Allstate,American Electric Power,American Greetings,Andrew Corp.
Archer-Daniels-Midland (ADM),Big Lots,Biomet,Bob Evans Farms,Boeing
Borders Group,Briggs & Stratton,"Caterpillar, Inc.",CBOT Holdings,"Cedar Fair, LP"
CF Industries,Chemical Financial Corp.,Coachmen Industries,Comerica,Compuware
CTS Corp.,Deere & Co.,DeVry,Domino's Pizza,Dow Chemical
DSW,Eaton Corp.,Eli Lilly & Co.,Exelon Corp.,Fifth Third Bancorp
Ford Motor Company,Fortune Brands,FreightCar America,General Motors Corp.,Goodyear Tire & Rubber
Harley-Davidson,ITT Educational Services,Illinois Tool Works,Johnson Controls,Kellogg
Kelly Services,Kohl's,Koss Corp.,Kraft Foods,Kroger
La-Z-Boy,Laidlaw International,Lakeland Financial,Lear Corp.,Macy's
Masco,McDonald's Corp.,Midway Games,Modine Manufacturing,Motorola Corp.
National City,NCR Corp.,NICOR,NiSource,Old National Bancorp
Olympic Steel,Oshkosh Corp.,Owens-Illinois,Packaging Corp. of America,Parker Hannifin Corp.
Patrick Industries,Perrigo Co.,Playboy Enterprises,Procter & Gamble,Pulte Homes
Quixote Corp.,Republic Airways Holdings,Saga Communications,Sears Holdings Corp.,Shoe Carnival
Skyline Corp.,Snap-on,Spartan Stores,Steak 'n Shake,Stericycle
Sun Communities,"Syntel, Inc.",Third Wave Technologies,Tribune Company,UAL Corp.
United Auto Group,USG Corp.,Walgreen,"WellPoint, Inc.",Wendy's International
Whirlpool Corp. ,Wm. Wrigley Jr. Company,Wolverine Worldwide,X-Rite,Zimmer Holdings
,,,,
"July 2, 2007",,,,
The Great Lakes 100,,,,
"NAME CHANGE: UNITED AUTO 
GROUP",,,,
1st Source Corp.,Aastrom Biosciences,Abercrombie & Fitch,AK Steel Holdings,Alberto-Culver
Allscripts Healthcare Solutions,Allstate,American Electric Power,American Greetings,Andrew Corp.
Archer-Daniels-Midland (ADM),Big Lots,Biomet,Bob Evans Farms,Boeing
Borders Group,Briggs & Stratton,"Caterpillar, Inc.",CBOT Holdings,"Cedar Fair, LP"
CF Industries,Chemical Financial Corp.,Coachmen Industries,Comerica,Compuware
CTS Corp.,Deere & Co.,DeVry,Domino's Pizza,Dow Chemical
DSW,Eaton Corp.,Eli Lilly & Co.,Exelon Corp.,Fifth Third Bancorp
Ford Motor Company,Fortune Brands,FreightCar America,General Motors Corp.,Goodyear Tire & Rubber
Harley-Davidson,ITT Educational Services,Illinois Tool Works,Johnson Controls,Kellogg
Kelly Services,Kohl's,Koss Corp.,Kraft Foods,Kroger
La-Z-Boy,Laidlaw International,Lakeland Financial,Lear Corp.,Macy's
Masco,McDonald's Corp.,Midway Games,Modine Manufacturing,Motorola Corp.
National City,NCR Corp.,NICOR,NiSource,Old National Bancorp
Olympic Steel,Oshkosh Corp.,Owens-Illinois,Packaging Corp. of America,Parker Hannifin Corp.
Patrick Industries,Perrigo Co.,Playboy Enterprises,Penske Automotive Group,Procter & Gamble
Pulte Homes,Quixote Corp.,Republic Airways Holdings,Saga Communications,Sears Holdings Corp.
Shoe Carnival,Skyline Corp.,Snap-on,Spartan Stores,Steak 'n Shake
Stericycle,Sun Communities,"Syntel, Inc.",Third Wave Technologies,Tribune Company
UAL Corp.,USG Corp.,Walgreen,"WellPoint, Inc.",Wendy's International
Whirlpool Corp. ,Wm. Wrigley Jr. Company,Wolverine Worldwide,X-Rite,Zimmer Holdings
,,,,
"July 13, 2007",,,,
The Great Lakes 100 Index,,,,
"STOCKS DELETED: CBOT 
HOLDINGS",,,,
1st Source Corp.,Aastrom Biosciences,Abercrombie & Fitch,AK Steel Holdings,Alberto-Culver
Allscripts Healthcare Solutions,Allstate,American Electric Power,American Greetings,Andrew Corp.
Archer-Daniels-Midland (ADM),Big Lots,Biomet,Bob Evans Farms,Boeing
Borders Group,Briggs & Stratton,"Caterpillar, Inc.","Cedar Fair, LP",CF Industries
Chemical Financial Corp.,Coachmen Industries,Comerica,Compuware,CME Group
CTS Corp.,Deere & Co.,DeVry,Domino's Pizza,Dow Chemical
DSW,Eaton Corp.,Eli Lilly & Co.,Exelon Corp.,Fifth Third Bancorp
Ford Motor Company,Fortune Brands,FreightCar America,General Motors Corp.,Goodyear Tire & Rubber
Harley-Davidson,ITT Educational Services,Illinois Tool Works,Johnson Controls,Kellogg
Kelly Services,Kohl's,Koss Corp.,Kraft Foods,Kroger
La-Z-Boy,Laidlaw International,Lakeland Financial,Lear Corp.,Macy's
Masco,McDonald's Corp.,Midway Games,Modine Manufacturing,Motorola Corp.
National City,NCR Corp.,NICOR,NiSource,Old National Bancorp
Olympic Steel,Oshkosh Corp.,Owens-Illinois,Packaging Corp. of America,Parker Hannifin Corp.
Patrick Industries,Perrigo Co.,Playboy Enterprises,Penske Automotive Group,Procter & Gamble
Pulte Homes,Quixote Corp.,Republic Airways Holdings,Saga Communications,Sears Holdings Corp.
Shoe Carnival,Skyline Corp.,Snap-on,Spartan Stores,Steak 'n Shake
Stericycle,Sun Communities,"Syntel, Inc.",Third Wave Technologies,Tribune Company
UAL Corp.,USG Corp.,Walgreen,"WellPoint, Inc.",Wendy's International
Whirlpool Corp. ,Wm. Wrigley Jr. Company,Wolverine Worldwide,X-Rite,Zimmer Holdings
,,,,
"July 31, 2007",,,,
The Great Lakes 100 Index,,,,
"STOCKS DELETED: ANDREW CORP., 
BIOMET & TRIBUNE COMPANY",,,,
1st Source Corp.,Aastrom Biosciences,Abercrombie & Fitch,AK Steel Holdings,Alberto-Culver
Allscripts Healthcare Solutions,Allstate,American Electric Power,American Greetings,Archer-Daniels-Midland (ADM)
Big Lots,Bob Evans Farms,Boeing,Borders Group,Briggs & Stratton
"Caterpillar, Inc.","Cedar Fair, LP",CF Industries,Chemical Financial Corp.,Coachmen Industries
Comerica,Compuware,Consolidated Communications,CME Group,CTS Corp.
Deere & Co.,DeVry,Domino's Pizza,Dow Chemical,DSW
Eaton Corp.,Eli Lilly & Co.,EW Scripps,Exelon Corp.,Fifth Third Bancorp
Ford Motor Company,Fortune Brands,FreightCar America,General Motors Corp.,Goodyear Tire & Rubber
Harley-Davidson,ITT Educational Services,Illinois Tool Works,Johnson Controls,Kellogg
Kelly Services,Kohl's,Koss Corp.,Kraft Foods,Kroger
La-Z-Boy,Laidlaw International,Lakeland Financial,Lear Corp.,Macy's
Masco,McDonald's Corp.,Midway Games,Modine Manufacturing,Motorola Corp.
National City,NCR Corp.,NICOR,NiSource,Old National Bancorp
Olympic Steel,Oshkosh Corp.,Owens-Illinois,Packaging Corp. of America,Parker Hannifin Corp.
Patrick Industries,Perrigo Co.,Playboy Enterprises,Penske Automotive Group,Procter & Gamble
Pulte Homes,Quixote Corp.,Republic Airways Holdings,Saga Communications,Sears Holdings Corp.
Shoe Carnival,Skyline Corp.,Snap-on,Spartan Stores,Steak 'n Shake
Stericycle,Stryker Corp.,Sun Communities,"Syntel, Inc.",Third Wave Technologies
UAL Corp.,USG Corp.,Walgreen,"WellPoint, Inc.",Wendy's International
Whirlpool Corp. ,Wm. Wrigley Jr. Company,Wolverine Worldwide,X-Rite,Zimmer Holdings
,,,,
"September 27, 2007",,,,
The Great Lakes 100,,,,
"STOCKS DELETED: LAIDLAW 
INTERNATIONAL",,,,
1st Source Corp.,Aastrom Biosciences,Abercrombie & Fitch,AK Steel Holdings,Alberto-Culver
Allscripts Healthcare Solutions,Allstate,American Electric Power,American Greetings,Archer-Daniels-Midland (ADM)
Big Lots,Bob Evans Farms,Boeing,Borders Group,Briggs & Stratton
"Caterpillar, Inc.","Cedar Fair, LP",CF Industries,Chemical Financial Corp.,Coachmen Industries
Comerica,Compuware,Consolidated Communications,CME Group,CTS Corp.
Deere & Co.,DeVry,Domino's Pizza,Dow Chemical,DSW
Eaton Corp.,Eli Lilly & Co.,EW Scripps,Exelon Corp.,Fifth Third Bancorp
Ford Motor Company,Fortune Brands,FreightCar America,General Motors Corp.,Goodyear Tire & Rubber
Great Lakes Dredge & Dock,Harley-Davidson,ITT Educational Services,Illinois Tool Works,Johnson Controls
Kellogg,Kelly Services,Kohl's,Koss Corp.,Kraft Foods
Kroger,La-Z-Boy,Lakeland Financial,Lear Corp.,Macy's
Masco,McDonald's Corp.,Midway Games,Modine Manufacturing,Motorola Corp.
National City,NCR Corp.,NICOR,NiSource,Old National Bancorp
Olympic Steel,Oshkosh Corp.,Owens-Illinois,Packaging Corp. of America,Parker Hannifin Corp.
Patrick Industries,Perrigo Co.,Playboy Enterprises,Penske Automotive Group,Procter & Gamble
Pulte Homes,Quixote Corp.,Republic Airways Holdings,Saga Communications,Sears Holdings Corp.
Shoe Carnival,Skyline Corp.,Snap-on,Spartan Stores,Steak 'n Shake
Stericycle,Stryker Corp.,Sun Communities,"Syntel, Inc.",Third Wave Technologies
UAL Corp.,USG Corp.,Walgreen,"WellPoint, Inc.",Wendy's International
Whirlpool Corp. ,Wm. Wrigley Jr. Company,Wolverine Worldwide,X-Rite,Zimmer Holdings
,,,,
"November 30, 2007",,,,
The Great Lakes 100,,,,
"STOCKS DELETED: AASTROM 
BIOSCIENCES",,,,
1st Source Corp.,Abercrombie & Fitch,AK Steel Holdings,Alberto-Culver,Allscripts Healthcare Solutions
Allstate,American Electric Power,American Greetings,Archer-Daniels-Midland (ADM),Baxter International
Big Lots,Bob Evans Farms,Boeing,Borders Group,Briggs & Stratton
"Caterpillar, Inc.","Cedar Fair, LP",CF Industries,Chemical Financial Corp.,Coachmen Industries
Comerica,Compuware,Consolidated Communications,CME Group,CTS Corp.
Deere & Co.,DeVry,Domino's Pizza,Dow Chemical,DSW
Eaton Corp.,Eli Lilly & Co.,EW Scripps,Exelon Corp.,Fifth Third Bancorp
Ford Motor Company,Fortune Brands,FreightCar America,General Motors Corp.,Goodyear Tire & Rubber
Great Lakes Dredge & Dock,Harley-Davidson,ITT Educational Services,Illinois Tool Works,Johnson Controls
Kellogg,Kelly Services,Kohl's,Koss Corp.,Kraft Foods
Kroger,La-Z-Boy,Lakeland Financial,Lear Corp.,Macy's
Masco,McDonald's Corp.,Midway Games,Modine Manufacturing,Motorola Corp.
National City,NCR Corp.,NICOR,NiSource,Old National Bancorp
Olympic Steel,Oshkosh Corp.,Owens-Illinois,Packaging Corp. of America,Parker Hannifin Corp.
Patrick Industries,Perrigo Co.,Playboy Enterprises,Penske Automotive Group,Procter & Gamble
Pulte Homes,Quixote Corp.,Republic Airways Holdings,Saga Communications,Sears Holdings Corp.
Shoe Carnival,Skyline Corp.,Snap-on,Spartan Stores,Steak 'n Shake
Stericycle,Stryker Corp.,Sun Communities,"Syntel, Inc.",Third Wave Technologies
UAL Corp.,USG Corp.,Walgreen,"WellPoint, Inc.",Wendy's International
Whirlpool Corp. ,Wm. Wrigley Jr. Company,Wolverine Worldwide,X-Rite,Zimmer Holdings
,,,,
"May 27, 2008",,,,
The Great Lakes 100,,,,
STOCKS DELETED: X-RITE,,,,
1st Source Corp.,Abercrombie & Fitch,AK Steel Holdings,Alberto-Culver,Allscripts Healthcare Solutions
Allstate,American Electric Power,American Greetings,Archer-Daniels-Midland (ADM),Baxter International
Big Lots,Bob Evans Farms,Boeing,Borders Group,Briggs & Stratton
"Caterpillar, Inc.","Cedar Fair, LP",CF Industries,Chemical Financial Corp.,Chiquita Brands International
Coachmen Industries,Comerica,Compuware,Consolidated Communications,CME Group
CTS Corp.,Deere & Co.,DeVry,Domino's Pizza,Dow Chemical
DSW,Eaton Corp.,Eli Lilly & Co.,EW Scripps,Exelon Corp.
Fifth Third Bancorp,Ford Motor Company,Fortune Brands,FreightCar America,General Motors Corp.
Goodyear Tire & Rubber,Great Lakes Dredge & Dock,Harley-Davidson,ITT Educational Services,Illinois Tool Works
Johnson Controls,Kellogg,Kelly Services,Kohl's,Koss Corp.
Kraft Foods,Kroger,La-Z-Boy,Lakeland Financial,Lear Corp.
Macy's,Masco,McDonald's Corp.,Midway Games,Modine Manufacturing
Motorola Corp.,National City,NCR Corp.,NICOR,NiSource
Old National Bancorp,Olympic Steel,Oshkosh Corp.,Owens-Illinois,Packaging Corp. of America
Parker Hannifin Corp.,Patrick Industries,Perrigo Co.,Playboy Enterprises,Penske Automotive Group
Procter & Gamble,Pulte Homes,Quixote Corp.,Republic Airways Holdings,Saga Communications
Sears Holdings Corp.,Shoe Carnival,Skyline Corp.,Snap-on,Spartan Stores
Steak 'n Shake,Stericycle,Stryker Corp.,Sun Communities,"Syntel, Inc."
Third Wave Technologies,UAL Corp.,USG Corp.,Walgreen,"WellPoint, Inc."
Wendy's International,Whirlpool Corp. ,Wm. Wrigley Jr. Company,Wolverine Worldwide,Zimmer Holdings
,,,,
"July 18, 2008",,,,
The Great Lakes 100,,,,
STOCKS DELETED: KOSS CORP.,,,,
1st Source Corp.,Abercrombie & Fitch,AK Steel Holdings,Alberto-Culver,Allscripts Healthcare Solutions
Allstate,American Electric Power,American Greetings,Archer-Daniels-Midland (ADM),Baxter International
Big Lots,Bob Evans Farms,Boeing,Borders Group,Briggs & Stratton
"Caterpillar, Inc.","Cedar Fair, LP",CF Industries,Chemical Financial Corp.,Chiquita Brands International
Coachmen Industries,Comerica,Compuware,Consolidated Communications,CME Group
CTS Corp.,Deere & Co.,DeVry,Domino's Pizza,Dow Chemical
DSW,Eaton Corp.,Eli Lilly & Co.,EW Scripps,Exelon Corp.
Fifth Third Bancorp,Ford Motor Company,Fortune Brands,FreightCar America,General Motors Corp.
Goodyear Tire & Rubber,Great Lakes Dredge & Dock,Harley-Davidson,ITT Educational Services,Illinois Tool Works
Johnson Controls,Kellogg,Kelly Services,Kohl's,Kraft Foods
Kroger,La-Z-Boy,Lakeland Financial,Lear Corp.,Macy's
Masco,McDonald's Corp.,Midway Games,Modine Manufacturing,Motorola Corp.
National City,NCR Corp.,NICOR,NiSource,Old National Bancorp
Olympic Steel,Oshkosh Corp.,Owens-Illinois,Packaging Corp. of America,Parker Hannifin Corp.
Patrick Industries,Perrigo Co.,Playboy Enterprises,Penske Automotive Group,Procter & Gamble
Pulte Homes,Quixote Corp.,RC2 Corp.,Republic Airways Holdings,Saga Communications
Sears Holdings Corp.,Shoe Carnival,Skyline Corp.,Snap-on,Spartan Stores
Steak 'n Shake,Stericycle,Stryker Corp.,Sun Communities,"Syntel, Inc."
Third Wave Technologies,UAL Corp.,USG Corp.,Walgreen,"WellPoint, Inc."
Wendy's International,Whirlpool Corp. ,Wm. Wrigley Jr. Company,Wolverine Worldwide,Zimmer Holdings
,,,,
"July 25, 2008",,,,
The Great Lakes 100,,,,
"STOCKS DELETED: THIRD WAVE 
TECHNOLOGIES",,,,
1st Source Corp.,Abercrombie & Fitch,AK Steel Holdings,Alberto-Culver,Allscripts Healthcare Solutions
Allstate,American Electric Power,American Greetings,Archer-Daniels-Midland (ADM),Baxter International
Big Lots,Bob Evans Farms,Boeing,Borders Group,Briggs & Stratton
"Caterpillar, Inc.","Cedar Fair, LP",CF Industries,Chemical Financial Corp.,Chiquita Brands International
Coachmen Industries,Comerica,Compuware,Consolidated Communications,CME Group
CTS Corp.,Deere & Co.,DeVry,Domino's Pizza,Dow Chemical
DSW,Eaton Corp.,Eli Lilly & Co.,EW Scripps,Exelon Corp.
Fifth Third Bancorp,Ford Motor Company,Fortune Brands,FreightCar America,General Motors Corp.
Goodyear Tire & Rubber,Great Lakes Dredge & Dock,Harley-Davidson,ITT Educational Services,Illinois Tool Works
Johnson Controls,Kellogg,Kelly Services,Kohl's,Kraft Foods
Kroger,La-Z-Boy,Lakeland Financial,Lear Corp.,"Libbey, Inc."
Macy's,Masco,McDonald's Corp.,Midway Games,Modine Manufacturing
Motorola Corp.,National City,NCR Corp.,NICOR,NiSource
Old National Bancorp,Olympic Steel,Oshkosh Corp.,Owens-Illinois,Packaging Corp. of America
Parker Hannifin Corp.,Patrick Industries,Perrigo Co.,Playboy Enterprises,Penske Automotive Group
Procter & Gamble,Pulte Homes,Quixote Corp.,RC2 Corp.,Republic Airways Holdings
Saga Communications,Sears Holdings Corp.,Shoe Carnival,Skyline Corp.,Snap-on
Spartan Stores,Steak 'n Shake,Stericycle,Stryker Corp.,Sun Communities
"Syntel, Inc.",UAL Corp.,USG Corp.,Walgreen,"WellPoint, Inc."
Wendy's International,Whirlpool Corp. ,Wm. Wrigley Jr. Company,Wolverine Worldwide,Zimmer Holdings
,,,,
"September 30, 2008",,,,
The Great Lakes 100,,,,
"NAME CHANGE: WENDY'S 
INTERNATIONAL",,,,
1st Source Corp.,Abercrombie & Fitch,AK Steel Holdings,Alberto-Culver,Allscripts Healthcare Solutions
Allstate,American Electric Power,American Greetings,Archer-Daniels-Midland (ADM),Baxter International
Big Lots,Bob Evans Farms,Boeing,Borders Group,Briggs & Stratton
"Caterpillar, Inc.","Cedar Fair, LP",CF Industries,Chemical Financial Corp.,Chiquita Brands International
Coachmen Industries,Comerica,Compuware,Consolidated Communications,CME Group
CTS Corp.,Deere & Co.,DeVry,Domino's Pizza,Dow Chemical
DSW,Eaton Corp.,Eli Lilly & Co.,EW Scripps,Exelon Corp.
Fifth Third Bancorp,Ford Motor Company,Fortune Brands,FreightCar America,General Motors Corp.
Goodyear Tire & Rubber,Great Lakes Dredge & Dock,Harley-Davidson,ITT Educational Services,Illinois Tool Works
Johnson Controls,Kellogg,Kelly Services,Kohl's,Kraft Foods
Kroger,La-Z-Boy,Lakeland Financial,Lear Corp.,"Libbey, Inc."
Macy's,Masco,McDonald's Corp.,Midway Games,Modine Manufacturing
Motorola Corp.,National City,NCR Corp.,NICOR,NiSource
Old National Bancorp,Olympic Steel,Oshkosh Corp.,Owens-Illinois,Packaging Corp. of America
Parker Hannifin Corp.,Patrick Industries,Perrigo Co.,Playboy Enterprises,Penske Automotive Group
Procter & Gamble,Pulte Homes,Quixote Corp.,RC2 Corp.,Republic Airways Holdings
Saga Communications,Sears Holdings Corp.,Shoe Carnival,Skyline Corp.,Snap-on
Spartan Stores,Steak 'n Shake,Stericycle,Stryker Corp.,Sun Communities
"Syntel, Inc.",UAL Corp.,USG Corp.,Walgreen,"WellPoint, Inc."
Wendy's/Arby's Group,Whirlpool Corp. ,Wm. Wrigley Jr. Company,Wolverine Worldwide,Zimmer Holdings
,,,,
"October 7, 2008",,,,
The Great Lakes 100,,,,
"STOCKS DELETED: WM. WRIGLEY 
JR. COMPANY",,,,
1st Source Corp.,Abercrombie & Fitch,AK Steel Holdings,Alberto-Culver,Allscripts Healthcare Solutions
Allstate,American Electric Power,American Greetings,Anixter International,Archer-Daniels-Midland (ADM)
Baxter International,Big Lots,Bob Evans Farms,Boeing,Borders Group
Briggs & Stratton,"Caterpillar, Inc.","Cedar Fair, LP",CF Industries,Chemical Financial Corp.
Chiquita Brands International,Coachmen Industries,Comerica,Compuware,Consolidated Communications
CME Group,CTS Corp.,Deere & Co.,DeVry,Domino's Pizza
Dow Chemical,DSW,Eaton Corp.,Eli Lilly & Co.,EW Scripps
Exelon Corp.,Fifth Third Bancorp,Ford Motor Company,Fortune Brands,FreightCar America
General Motors Corp.,Goodyear Tire & Rubber,Great Lakes Dredge & Dock,Harley-Davidson,ITT Educational Services
Illinois Tool Works,Johnson Controls,Kellogg,Kelly Services,Kohl's
Kraft Foods,Kroger,La-Z-Boy,Lakeland Financial,Lear Corp.
"Libbey, Inc.",Macy's,Masco,McDonald's Corp.,Midway Games
Modine Manufacturing,Motorola Corp.,National City,NCR Corp.,NICOR
NiSource,Old National Bancorp,Olympic Steel,Oshkosh Corp.,Owens-Illinois
Packaging Corp. of America,Parker Hannifin Corp.,Patrick Industries,Perrigo Co.,Playboy Enterprises
Penske Automotive Group,Procter & Gamble,Pulte Homes,Quixote Corp.,RC2 Corp.
Republic Airways Holdings,Saga Communications,Sears Holdings Corp.,Shoe Carnival,Skyline Corp.
Snap-on,Spartan Stores,Steak 'n Shake,Stericycle,Stryker Corp.
Sun Communities,"Syntel, Inc.",UAL Corp.,USG Corp.,Walgreen
"WellPoint, Inc.",Wendy's/Arby's Group,Whirlpool Corp. ,Wolverine Worldwide,Zimmer Holdings
,,,,
"October 13, 2008",,,,
The Great Lakes 100,,,,
"NAME CHANGE: ALLSCRIPTS 
HEALTHCARE SOLUTIONS",,,,
1st Source Corp.,Abercrombie & Fitch,AK Steel Holdings,Alberto-Culver,"Allscripts-Misys 
Healthcare Solutions"
Allstate,American Electric Power,American Greetings,Anixter International,Archer-Daniels-Midland (ADM)
Baxter International,Big Lots,Bob Evans Farms,Boeing,Borders Group
Briggs & Stratton,"Caterpillar, Inc.","Cedar Fair, LP",CF Industries,Chemical Financial Corp.
Chiquita Brands International,Coachmen Industries,Comerica,Compuware,Consolidated Communications
CME Group,CTS Corp.,Deere & Co.,DeVry,Domino's Pizza
Dow Chemical,DSW,Eaton Corp.,Eli Lilly & Co.,EW Scripps
Exelon Corp.,Fifth Third Bancorp,Ford Motor Company,Fortune Brands,FreightCar America
General Motors Corp.,Goodyear Tire & Rubber,Great Lakes Dredge & Dock,Harley-Davidson,ITT Educational Services
Illinois Tool Works,Johnson Controls,Kellogg,Kelly Services,Kohl's
Kraft Foods,Kroger,La-Z-Boy,Lakeland Financial,Lear Corp.
"Libbey, Inc.",Macy's,Masco,McDonald's Corp.,Midway Games
Modine Manufacturing,Motorola Corp.,National City,NCR Corp.,NICOR
NiSource,Old National Bancorp,Olympic Steel,Oshkosh Corp.,Owens-Illinois
Packaging Corp. of America,Parker Hannifin Corp.,Patrick Industries,Perrigo Co.,Playboy Enterprises
Penske Automotive Group,Procter & Gamble,Pulte Homes,Quixote Corp.,RC2 Corp.
Republic Airways Holdings,Saga Communications,Sears Holdings Corp.,Shoe Carnival,Skyline Corp.
Snap-on,Spartan Stores,Steak 'n Shake,Stericycle,Stryker Corp.
Sun Communities,"Syntel, Inc.",UAL Corp.,USG Corp.,Walgreen
"WellPoint, Inc.",Wendy's/Arby's Group,Whirlpool Corp. ,Wolverine Worldwide,Zimmer Holdings
,,,,
"January 2, 2009",,,,
The Great Lakes 100,,,,
"STOCKS DELETED: NATIONAL 
CITY",,,,
1st Source Corp.,Abercrombie & Fitch,AK Steel Holdings,Alberto-Culver,"Allscripts-Misys 
Healthcare Solutions"
Allstate,American Commerical Lines,American Electric Power,American Greetings,Anixter International
Archer-Daniels-Midland (ADM),Baxter International,Big Lots,Bob Evans Farms,Boeing
Borders Group,Briggs & Stratton,"Caterpillar, Inc.","Cedar Fair, LP",CF Industries
Chemical Financial Corp.,Chiquita Brands International,Coachmen Industries,Comerica,Compuware
Consolidated Communications,CME Group,CTS Corp.,Deere & Co.,DeVry
Domino's Pizza,Dow Chemical,DSW,Eaton Corp.,Eli Lilly & Co.
EW Scripps,Exelon Corp.,Fifth Third Bancorp,Ford Motor Company,Fortune Brands
FreightCar America,General Motors Corp.,Goodyear Tire & Rubber,Great Lakes Dredge & Dock,Harley-Davidson
ITT Educational Services,Illinois Tool Works,Johnson Controls,Kellogg,Kelly Services
Kohl's,Kraft Foods,Kroger,La-Z-Boy,Lakeland Financial
Lear Corp.,"Libbey, Inc.",Macy's,Masco,McDonald's Corp.
Midway Games,Modine Manufacturing,Motorola Corp.,NCR Corp.,NICOR
NiSource,Old National Bancorp,Olympic Steel,Oshkosh Corp.,Owens-Illinois
Packaging Corp. of America,Parker Hannifin Corp.,Patrick Industries,Perrigo Co.,Playboy Enterprises
Penske Automotive Group,Procter & Gamble,Pulte Homes,Quixote Corp.,RC2 Corp.
Republic Airways Holdings,Saga Communications,Sears Holdings Corp.,Shoe Carnival,Skyline Corp.
Snap-on,Spartan Stores,Steak 'n Shake,Stericycle,Stryker Corp.
Sun Communities,"Syntel, Inc.",UAL Corp.,USG Corp.,Walgreen
"WellPoint, Inc.",Wendy's/Arby's Group,Whirlpool Corp. ,Wolverine Worldwide,Zimmer Holdings
,,,,
"February 13, 2009",,,,
The Great Lakes 100,,,,
"STOCKS DELETED: MIDWAY 
GAMES",,,,
1st Source Corp.,Abercrombie & Fitch,AK Steel Holdings,Alberto-Culver,"Allscripts-Misys 
Healthcare Solutions"
Allstate,American Commerical Lines,American Electric Power,American Greetings,Anixter International
Archer-Daniels-Midland (ADM),Baxter International,Big Lots,Bob Evans Farms,Boeing
Borders Group,Briggs & Stratton,"Caterpillar, Inc.","Cedar Fair, LP",CF Industries
Chemical Financial Corp.,Chiquita Brands International,Coachmen Industries,Comerica,Compuware
Consolidated Communications,CME Group,CTS Corp.,Deere & Co.,DeVry
Domino's Pizza,Dow Chemical,DSW,Eaton Corp.,Eli Lilly & Co.
EW Scripps,Exelon Corp.,Fifth Third Bancorp,Ford Motor Company,Fortune Brands
FreightCar America,General Motors Corp.,Goodyear Tire & Rubber,Great Lakes Dredge & Dock,Harley-Davidson
ITT Educational Services,Illinois Tool Works,Johnson Controls,Kellogg,Kelly Services
Kohl's,Kraft Foods,Kroger,La-Z-Boy,Lakeland Financial
Lear Corp.,"Libbey, Inc.",Macy's,Masco,McDonald's Corp.
Modine Manufacturing,Motorola Corp.,NCR Corp.,NICOR,NiSource
Old National Bancorp,Old Republic International Corp.,Olympic Steel,Oshkosh Corp.,Owens-Illinois
Packaging Corp. of America,Parker Hannifin Corp.,Patrick Industries,Perrigo Co.,Playboy Enterprises
Penske Automotive Group,Procter & Gamble,Pulte Homes,Quixote Corp.,RC2 Corp.
Republic Airways Holdings,Saga Communications,Sears Holdings Corp.,Shoe Carnival,Skyline Corp.
Snap-on,Spartan Stores,Steak 'n Shake,Stericycle,Stryker Corp.
Sun Communities,"Syntel, Inc.",UAL Corp.,USG Corp.,Walgreen
"WellPoint, Inc.",Wendy's/Arby's Group,Whirlpool Corp. ,Wolverine Worldwide,Zimmer Holdings
,,,,
"April 9, 2009",,,,
The Great Lakes 100,,,,
"STOCKS DELETED: COACHMEN 
INDUSTRIES, LIBBEY, LEAR, 
PATRICK INDUSTRIES",,,,
1st Source Corp.,Abercrombie & Fitch,AK Steel Holdings,Alberto-Culver,"Allscripts-Misys 
Healthcare Solutions"
Allstate,American Commerical Lines,American Electric Power,American Greetings,Anixter International
Archer-Daniels-Midland (ADM),Baxter International,Big Lots,Bob Evans Farms,Boeing
Borders Group,Briggs & Stratton,"Caterpillar, Inc.","Cedar Fair, LP",CF Industries
Chemical Financial Corp.,Chiquita Brands International,Comerica,Compuware,Consolidated Communications
CME Group,CTS Corp.,Deere & Co.,DeVry,Domino's Pizza
Dow Chemical,DSW,Eaton Corp.,Eli Lilly & Co.,EW Scripps
Exelon Corp.,Fifth Third Bancorp,Ford Motor Company,Fortune Brands,FreightCar America
General Motors Corp.,Goodyear Tire & Rubber,Great Lakes Dredge & Dock,Harley-Davidson,ITT Educational Services
Illinois Tool Works,Johnson Controls,Kellogg,Kelly Services,Kohl's
Kraft Foods,Kroger,La-Z-Boy,Lakeland Financial,Macy's
Masco,McDonald's Corp.,Modine Manufacturing,Motorola Corp.,NCR Corp.
NICOR,NiSource,Northern Trust Corp.,Old National Bancorp,Old Republic International Corp.
Olympic Steel,Oshkosh Corp.,Owens-Illinois,Packaging Corp. of America,Parker Hannifin Corp.
Perrigo Co.,Playboy Enterprises,Penske Automotive Group,Procter & Gamble,Pulte Homes
Quixote Corp.,RC2 Corp.,Republic Airways Holdings,RR Donnelley & Sons,Saga Communications
Sears Holdings Corp.,Shoe Carnival,Skyline Corp.,Snap-on,Spartan Stores
Steak 'n Shake,Stericycle,Stryker Corp.,Sun Communities,"Syntel, Inc."
Thor Industries,UAL Corp.,"United Forest Products, Inc.",USG Corp.,Walgreen
"WellPoint, Inc.",Wendy's/Arby's Group,Whirlpool Corp. ,Wolverine Worldwide,Zimmer Holdings
,,,,
"May 18, 2009",,,,
The Great Lakes 100,,,,
"STOCKS DELETED: COMERICA, 
WENDY'S/ 
ARBY'S GROUP",,,,
1st Source Corp.,Abercrombie & Fitch,AK Steel Holdings,Alberto-Culver,"Allscripts-Misys 
Healthcare Solutions"
Allstate,American Commerical Lines,American Electric Power,American Greetings,Anixter International
Archer-Daniels-Midland (ADM),Baxter International,Big Lots,Bob Evans Farms,Boeing
Borders Group,Briggs & Stratton,"Caterpillar, Inc.","Cedar Fair, LP",CF Industries
Chemical Financial Corp.,Chiquita Brands International,Compuware,Consolidated Communications,CME Group
CTS Corp.,Deere & Co.,DeVry,Domino's Pizza,Dow Chemical
DSW,Eaton Corp.,Eli Lilly & Co.,EW Scripps,Exelon Corp.
Fifth Third Bancorp,Ford Motor Company,Fortune Brands,FreightCar America,General Motors Corp.
Goodyear Tire & Rubber,Great Lakes Dredge & Dock,Harley-Davidson,ITT Educational Services,Illinois Tool Works
Johnson Controls,Kellogg,Kelly Services,Kimball International,Kohl's
Kraft Foods,Kroger,La-Z-Boy,Lakeland Financial,Macy's
Marshall & Ilsley,Masco,McDonald's Corp.,Modine Manufacturing,Motorola Corp.
NCR Corp.,NICOR,NiSource,Northern Trust Corp.,Old National Bancorp
Old Republic International Corp.,Olympic Steel,Oshkosh Corp.,Owens-Illinois,Packaging Corp. of America
Parker Hannifin Corp.,Perrigo Co.,Playboy Enterprises,Penske Automotive Group,Procter & Gamble
Pulte Homes,Quixote Corp.,RC2 Corp.,Republic Airways Holdings,RR Donnelley & Sons
Saga Communications,Sears Holdings Corp.,Shoe Carnival,Skyline Corp.,Snap-on
Spartan Stores,Steak 'n Shake,Stericycle,Stryker Corp.,Sun Communities
"Syntel, Inc.",Thor Industries,UAL Corp.,"United Forest Products, Inc.",USG Corp.
Walgreen,"WellPoint, Inc.",Whirlpool Corp. ,Wolverine Worldwide,Zimmer Holdings
,,,,
"June 1, 2009",,,,
The Great Lakes 100,,,,
"STOCKS DELETED: GENERAL 
MOTORS, NICOR",,,,
1st Source Corp.,Abercrombie & Fitch,AK Steel Holdings,Alberto-Culver,"Allscripts-Misys 
Healthcare Solutions"
Allstate,American Commerical Lines,American Electric Power,American Greetings,Anixter International
Archer-Daniels-Midland (ADM),Baxter International,Big Lots,Bob Evans Farms,Boeing
Borders Group,Briggs & Stratton,"Caterpillar, Inc.","Cedar Fair, LP",CF Industries
Chemical Financial Corp.,Chiquita Brands International,Compuware,Consolidated Communications,CME Group
CTS Corp.,Deere & Co.,DeVry,Domino's Pizza,Dow Chemical
DSW,Eaton Corp.,Eli Lilly & Co.,EW Scripps,Exelon Corp.
Fifth Third Bancorp,Ford Motor Company,Fortune Brands,FreightCar America,Goodyear Tire & Rubber
Great Lakes Dredge & Dock,Harley-Davidson,ITT Educational Services,Illinois Tool Works,Johnson Controls
Kellogg,Kelly Services,Kimball International,Kohl's,Kraft Foods
Kroger,La-Z-Boy,Lakeland Financial,Macy's,Marshall & Ilsley
Masco,McDonald's Corp.,Modine Manufacturing,Motorola Corp.,National Presto Industries
NCR Corp.,NiSource,Northern Trust Corp.,Old National Bancorp,Old Republic International Corp.
Olympic Steel,Oshkosh Corp.,Owens-Illinois,Packaging Corp. of America,Parker Hannifin Corp.
Perrigo Co.,Playboy Enterprises,Penske Automotive Group,Procter & Gamble,Pulte Homes
Quixote Corp.,RC2 Corp.,Republic Airways Holdings,RR Donnelley & Sons,Saga Communications
"School Specialty, Inc.",Sears Holdings Corp.,Shoe Carnival,Skyline Corp.,Snap-on
Spartan Stores,Steak 'n Shake,Stericycle,Stryker Corp.,Sun Communities
"Syntel, Inc.",Thor Industries,UAL Corp.,"United Forest Products, Inc.",USG Corp.
Walgreen,"WellPoint, Inc.",Whirlpool Corp. ,Wolverine Worldwide,Zimmer Holdings
,,,,
"August 10, 2009",,,,
The Great Lakes 100,,,,
"STOCKS DELETED: OLD 
NATIONAL BANCORP",,,,
1st Source Corp.,Abercrombie & Fitch,AK Steel Holdings,Alberto-Culver,"Allscripts-Misys 
Healthcare Solutions"
Allstate,American Commerical Lines,American Electric Power,American Greetings,Anixter International
Archer-Daniels-Midland (ADM),Baxter International,Big Lots,Bob Evans Farms,Boeing
Borders Group,Briggs & Stratton,"Caterpillar, Inc.","Cedar Fair, LP",CF Industries
Chemical Financial Corp.,Chiquita Brands International,Compuware,Consolidated Communications,CME Group
CTS Corp.,Deere & Co.,DeVry,Domino's Pizza,Dow Chemical
DSW,Eaton Corp.,Eli Lilly & Co.,EW Scripps,Exelon Corp.
Fifth Third Bancorp,Ford Motor Company,Fortune Brands,FreightCar America,Goodyear Tire & Rubber
Great Lakes Dredge & Dock,Harley-Davidson,ITT Educational Services,Illinois Tool Works,Johnson Controls
Kellogg,Kelly Services,Kimball International,Kohl's,Kraft Foods
Kroger,La-Z-Boy,Lakeland Financial,Macy's,Marshall & Ilsley
Masco,McDonald's Corp.,Modine Manufacturing,Motorola Corp.,National Presto Industries
NCR Corp.,NiSource,Northern Trust Corp.,Old Republic International Corp.,Olympic Steel
Oshkosh Corp.,Owens-Illinois,Packaging Corp. of America,Parker Hannifin Corp.,Perrigo Co.
Playboy Enterprises,Penske Automotive Group,Procter & Gamble,Pulte Homes,Quixote Corp.
RC2 Corp.,Republic Airways Holdings,RR Donnelley & Sons,Saga Communications,"School Specialty, Inc."
Scripps Networks Interactive,Sears Holdings Corp.,Shoe Carnival,Skyline Corp.,Snap-on
Spartan Stores,Steak 'n Shake,Stericycle,Stryker Corp.,Sun Communities
"Syntel, Inc.",Thor Industries,UAL Corp.,"United Forest Products, Inc.",USG Corp.
Walgreen,"WellPoint, Inc.",Whirlpool Corp. ,Wolverine Worldwide,Zimmer Holdings
,,,,
"January 27, 2010",,,,
The Great Lakes 100,,,,
"STOCKS DELETED: NCR, 
QUIXOTE",,,,
1st Source Corp.,Abercrombie & Fitch,AK Steel Holdings,Alberto-Culver,"Allscripts-Misys 
Healthcare Solutions"
Allstate,American Commerical Lines,American Electric Power,American Greetings,Anixter International
Archer-Daniels-Midland (ADM),Baxter International,Big Lots,Bob Evans Farms,Boeing
Borders Group,Briggs & Stratton,"Caterpillar, Inc.","Cedar Fair, LP",CF Industries
Chemical Financial Corp.,Chiquita Brands International,Compuware,Consolidated Communications,CME Group
CTS Corp.,Deere & Co.,DeVry,Domino's Pizza,Dow Chemical
DSW,Eaton Corp.,Eli Lilly & Co.,EW Scripps,Exelon Corp.
Fifth Third Bancorp,Ford Motor Company,Fortune Brands,FreightCar America,Goodyear Tire & Rubber
Great Lakes Dredge & Dock,Harley-Davidson,ITT Educational Services,Illinois Tool Works,Johnson Controls
Kellogg,Kelly Services,Kimball International,Kohl's,Kraft Foods
Kroger,La-Z-Boy,Lakeland Financial,Macy's,Marshall & Ilsley
Masco,McDonald's Corp.,Modine Manufacturing,Motorola Corp.,National Presto Industries
NiSource,Northern Trust Corp.,Old Republic International Corp.,Olympic Steel,Oshkosh Corp.
Owens-Illinois,Packaging Corp. of America,Parker Hannifin Corp.,Perrigo Co.,Playboy Enterprises
Penske Automotive Group,Procter & Gamble,Pulte Homes,RC2 Corp.,Republic Airways Holdings
RR Donnelley & Sons,Saga Communications,"School Specialty, Inc.",Scripps Networks Interactive,Sears Holdings Corp.
Shoe Carnival,Skyline Corp.,Snap-on,Spartan Stores,Steak 'n Shake
Stericycle,Stryker Corp.,Sun Communities,"Syntel, Inc.",Teradata Corp.
Thor Industries,Tootsie Roll Industries,UAL Corp.,"United Forest Products, Inc.",USG Corp.
Walgreen,"WellPoint, Inc.",Whirlpool Corp. ,Wolverine Worldwide,Zimmer Holdings
,,,,
"April 9, 2010",,,,
The Great Lakes 100,,,,
STOCKS DELETED: STEAK N SHAKE,,,,
1st Source Corp.,Abercrombie & Fitch,AK Steel Holdings,Alberto-Culver,"Allscripts-Misys 
Healthcare Solutions"
Allstate,American Commerical Lines,American Electric Power,American Greetings,Anixter International
Archer-Daniels-Midland (ADM),Baxter International,Big Lots,Bob Evans Farms,Boeing
Borders Group,Briggs & Stratton,"Caterpillar, Inc.","Cedar Fair, LP",CF Industries
Chemical Financial Corp.,Chiquita Brands International,CME Group,Compuware,Consolidated Communications
Corn Products International,CTS Corp.,Deere & Co.,DeVry,Domino's Pizza
Dow Chemical,DSW,Eaton Corp.,Eli Lilly & Co.,EW Scripps
Exelon Corp.,Fifth Third Bancorp,Ford Motor Company,Fortune Brands,FreightCar America
Goodyear Tire & Rubber,Great Lakes Dredge & Dock,Harley-Davidson,ITT Educational Services,Illinois Tool Works
Johnson Controls,Kellogg,Kelly Services,Kimball International,Kohl's
Kraft Foods,Kroger,La-Z-Boy,Lakeland Financial,Macy's
Marshall & Ilsley,Masco,McDonald's Corp.,Modine Manufacturing,Motorola Corp.
National Presto Industries,NiSource,Northern Trust Corp.,Old Republic International Corp.,Olympic Steel
Oshkosh Corp.,Owens-Illinois,Packaging Corp. of America,Parker Hannifin Corp.,Perrigo Co.
Playboy Enterprises,Penske Automotive Group,Procter & Gamble,Pulte Homes,RC2 Corp.
Republic Airways Holdings,RR Donnelley & Sons,Saga Communications,"School Specialty, Inc.",Scripps Networks Interactive
Sears Holdings Corp.,Shoe Carnival,Skyline Corp.,Snap-on,Spartan Stores
Stericycle,Stryker Corp.,Sun Communities,"Syntel, Inc.",Teradata Corp.
Thor Industries,Tootsie Roll Industries,UAL Corp.,"United Forest Products, Inc.",USG Corp.
Walgreen,"WellPoint, Inc.",Whirlpool Corp. ,Wolverine Worldwide,Zimmer Holdings
,,,,
"October 1, 2010",,,,
The Great Lakes 100,,,,
STOCKS DELETED: UAL CORP.,,,,
1st Source Corp.,Abercrombie & Fitch,AK Steel Holdings,Alberto-Culver,"Allscripts-Misys 
Healthcare Solutions"
Allstate,American Commerical Lines,American Electric Power,American Greetings,Anixter International
Archer-Daniels-Midland (ADM),Baxter International,Big Lots,Bob Evans Farms,Boeing
Borders Group,Briggs & Stratton,"Caterpillar, Inc.","Cedar Fair, LP",CF Industries
Chemical Financial Corp.,Chiquita Brands International,CME Group,Compuware,Consolidated Communications
Corn Products International,CTS Corp.,Deere & Co.,DeVry,Domino's Pizza
Dow Chemical,DSW,Eaton Corp.,Eli Lilly & Co.,EW Scripps
Exelon Corp.,Fifth Third Bancorp,Ford Motor Company,Fortune Brands,FreightCar America
Goodyear Tire & Rubber,Great Lakes Dredge & Dock,Harley-Davidson,ITT Educational Services,Illinois Tool Works
Johnson Controls,Kellogg,Kelly Services,Kimball International,Kohl's
Kraft Foods,Kroger,La-Z-Boy,Lakeland Financial,Macy's
Marshall & Ilsley,Masco,McDonald's Corp.,Modine Manufacturing,Motorola Corp.
National Presto Industries,NiSource,Northern Trust Corp.,Old Republic International Corp.,Olympic Steel
Oshkosh Corp.,Owens-Illinois,Packaging Corp. of America,Parker Hannifin Corp.,Perrigo Co.
Playboy Enterprises,Penske Automotive Group,Procter & Gamble,PulteGroup,RC2 Corp.
Republic Airways Holdings,RR Donnelley & Sons,Saga Communications,"School Specialty, Inc.",Scripps Networks Interactive
Sears Holdings Corp.,Shoe Carnival,Skyline Corp.,Snap-on,Spartan Stores
Stericycle,Stryker Corp.,Sun Communities,"Syntel, Inc.",Teradata Corp.
Thor Industries,Tootsie Roll Industries,"United Continental Holdings, Inc.","United Forest Products, Inc.",USG Corp.
Walgreen,"WellPoint, Inc.",Whirlpool Corp. ,Wolverine Worldwide,Zimmer Holdings
,,,,
"November 18, 2010",,,,
The Great Lakes 100,,,,
"STOCKS DELETED: ALBERTO-
CULVER",,,,
1st Source Corp.,Abercrombie & Fitch,AK Steel Holdings,"Allscripts-Misys 
Healthcare Solutions",Allstate
American Commerical Lines,American Electric Power,American Greetings,Anixter International,Archer-Daniels-Midland (ADM)
Baxter International,Big Lots,Bob Evans Farms,Boeing,Borders Group
Briggs & Stratton,"Caterpillar, Inc.","Cedar Fair, LP",CF Industries,Chemical Financial Corp.
Chiquita Brands International,CME Group,Compuware,Consolidated Communications,Corn Products International
CTS Corp.,Deere & Co.,DeVry,Domino's Pizza,Dow Chemical
DSW,Eaton Corp.,Eli Lilly & Co.,EW Scripps,Exelon Corp.
Fifth Third Bancorp,Ford Motor Company,Fortune Brands,FreightCar America,General Motors Corp.
Goodyear Tire & Rubber,Great Lakes Dredge & Dock,Harley-Davidson,ITT Educational Services,Illinois Tool Works
Johnson Controls,Kellogg,Kelly Services,Kimball International,Kohl's
Kraft Foods,Kroger,La-Z-Boy,Lakeland Financial,Macy's
Marshall & Ilsley,Masco,McDonald's Corp.,Modine Manufacturing,Motorola Corp.
National Presto Industries,NiSource,Northern Trust Corp.,Old Republic International Corp.,Olympic Steel
Oshkosh Corp.,Owens-Illinois,Packaging Corp. of America,Parker Hannifin Corp.,Perrigo Co.
Playboy Enterprises,Penske Automotive Group,Procter & Gamble,PulteGroup,RC2 Corp.
Republic Airways Holdings,RR Donnelley & Sons,Saga Communications,"School Specialty, Inc.",Scripps Networks Interactive
Sears Holdings Corp.,Shoe Carnival,Skyline Corp.,Snap-on,Spartan Stores
Stericycle,Stryker Corp.,Sun Communities,"Syntel, Inc.",Teradata Corp.
Thor Industries,Tootsie Roll Industries,"United Continental Holdings, Inc.","United Forest Products, Inc.",USG Corp.
Walgreen,"WellPoint, Inc.",Whirlpool Corp. ,Wolverine Worldwide,Zimmer Holdings
,,,,
"December 22, 2010",,,,
The Great Lakes 100,,,,
"STOCKS DELETED: AM. COMMERCIAL LINES, 
MARSHALL & ILSLEY, 
MOTOROLA",,,,
1st Source Corp.,Abercrombie & Fitch,AK Steel Holdings,Allscripts Healthcare Solutions,Allstate
American Electric Power,American Greetings,Anixter International,Archer-Daniels-Midland (ADM),"Badger Meter, Inc."
Baxter International,Big Lots,Bob Evans Farms,Boeing,Borders Group
Briggs & Stratton,"Caterpillar, Inc.","Cedar Fair, LP",CF Industries,Chemical Financial Corp.
Chiquita Brands International,CME Group,Compuware,Consolidated Communications,Corn Products International
CTS Corp.,Cummins Inc.,Deere & Co.,DeVry,Domino's Pizza
Dow Chemical,DSW,Eaton Corp.,Eli Lilly & Co.,EW Scripps
Exelon Corp.,Federal Signal Corp.,Fifth Third Bancorp,Ford Motor Company,Fortune Brands
FreightCar America,General Motors Corp.,Goodyear Tire & Rubber,Great Lakes Dredge & Dock,Harley-Davidson
ITT Educational Services,Illinois Tool Works,Johnson Controls,Kellogg,Kelly Services
Kimball International,Kohl's,Kraft Foods,Kroger,La-Z-Boy
Lakeland Financial,Macy's,Masco,McDonald's Corp.,Modine Manufacturing
National Presto Industries,NiSource,Northern Trust Corp.,Old Republic International Corp.,Olympic Steel
Oshkosh Corp.,Owens-Illinois,Packaging Corp. of America,Parker Hannifin Corp.,Perrigo Co.
Playboy Enterprises,Penske Automotive Group,Procter & Gamble,PulteGroup,RC2 Corp.
Republic Airways Holdings,RR Donnelley & Sons,Saga Communications,"School Specialty, Inc.",Scripps Networks Interactive
Sears Holdings Corp.,Shoe Carnival,Skyline Corp.,Snap-on,Spartan Stores
Stericycle,Stryker Corp.,Sun Communities,"Syntel, Inc.",Teradata Corp.
Thor Industries,Tootsie Roll Industries,"United Continental Holdings, Inc.","United Forest Products, Inc.",USG Corp.
Walgreen,"WellPoint, Inc.",Whirlpool Corp. ,Wolverine Worldwide,Zimmer Holdings
,,,,
"January 4, 2011",,,,
The Great Lakes 100,,,,
STOCKS DELETED: BORDERS GROUP,,,,
1st Source Corp.,Abercrombie & Fitch,AK Steel Holdings,Allscripts Healthcare Solutions,Allstate
American Electric Power,American Greetings,Anixter International,Archer-Daniels-Midland (ADM),"Badger Meter, Inc."
Baxter International,Big Lots,Bob Evans Farms,Boeing,Briggs & Stratton
"Caterpillar, Inc.","Cedar Fair, LP",CF Industries,Chemical Financial Corp.,Chiquita Brands International
CME Group,Compuware,Consolidated Communications,Corn Products International,CTS Corp.
Cummins Inc.,Deere & Co.,DeVry,Domino's Pizza,Dow Chemical
DSW,Eaton Corp.,Eli Lilly & Co.,EW Scripps,Exelon Corp.
Federal Signal Corp.,Fifth Third Bancorp,Ford Motor Company,Fortune Brands,FreightCar America
General Motors Corp.,Goodyear Tire & Rubber,Great Lakes Dredge & Dock,Harley-Davidson,ITT Educational Services
Illinois Tool Works,Johnson Controls,Kellogg,Kelly Services,Kimball International
Kohl's,Kraft Foods,Kroger,La-Z-Boy,Lakeland Financial
Macy's,Masco,McDonald's Corp.,Modine Manufacturing,Motorola Mobility Holdings
National Presto Industries,NiSource,Northern Trust Corp.,Old Republic International Corp.,Olympic Steel
Oshkosh Corp.,Owens-Illinois,Packaging Corp. of America,Parker Hannifin Corp.,Perrigo Co.
Playboy Enterprises,Penske Automotive Group,Procter & Gamble,PulteGroup,RC2 Corp.
Republic Airways Holdings,RR Donnelley & Sons,Saga Communications,"School Specialty, Inc.",Scripps Networks Interactive
Sears Holdings Corp.,Shoe Carnival,Skyline Corp.,Snap-on,Spartan Stores
Stericycle,Stryker Corp.,Sun Communities,"Syntel, Inc.",Teradata Corp.
Thor Industries,Tootsie Roll Industries,"United Continental Holdings, Inc.","United Forest Products, Inc.",USG Corp.
Walgreen,"WellPoint, Inc.",Whirlpool Corp. ,Wolverine Worldwide,Zimmer Holdings
,,,,
"March 7, 2011",,,,
The Great Lakes 100,,,,
"STOCKS DELETED: PLAYBOY 
ENTERPRISES",,,,
1st Source Corp.,Abercrombie & Fitch,AK Steel Holdings,Allscripts Healthcare Solutions,Allstate
American Electric Power,American Greetings,Anixter International,Archer-Daniels-Midland (ADM),"Badger Meter, Inc."
Baxter International,Big Lots,Bob Evans Farms,Boeing,Briggs & Stratton
"Caterpillar, Inc.","Cedar Fair, LP",CF Industries,Chemical Financial Corp.,Chiquita Brands International
CME Group,Compuware,Consolidated Communications,Corn Products International,CTS Corp.
Cummins Inc.,Deere & Co.,DeVry,Domino's Pizza,Dow Chemical
DSW,Eaton Corp.,Eli Lilly & Co.,EW Scripps,Exelon Corp.
Federal Signal Corp.,Fifth Third Bancorp,Ford Motor Company,Fortune Brands,FreightCar America
General Motors Corp.,Goodyear Tire & Rubber,Great Lakes Dredge & Dock,Harley-Davidson,ITT Educational Services
Illinois Tool Works,Johnson Controls,Jones Lang LaSalle Inc.,Kellogg,Kelly Services
Kimball International,Kohl's,Kraft Foods,Kroger,La-Z-Boy
Lakeland Financial,Macy's,Masco,McDonald's Corp.,Modine Manufacturing
Motorola Mobility Holdings,National Presto Industries,NiSource,Northern Trust Corp.,Old Republic International Corp.
Olympic Steel,Oshkosh Corp.,Owens-Illinois,Packaging Corp. of America,Parker Hannifin Corp.
Perrigo Co.,Penske Automotive Group,Procter & Gamble,PulteGroup,RC2 Corp.
Republic Airways Holdings,RR Donnelley & Sons,Saga Communications,"School Specialty, Inc.",Scripps Networks Interactive
Sears Holdings Corp.,Shoe Carnival,Skyline Corp.,Snap-on,Spartan Stores
Stericycle,Stryker Corp.,Sun Communities,"Syntel, Inc.",Teradata Corp.
Thor Industries,Tootsie Roll Industries,"United Continental Holdings, Inc.","United Forest Products, Inc.",USG Corp.
Walgreen,"WellPoint, Inc.",Whirlpool Corp. ,Wolverine Worldwide,Zimmer Holdings
,,,,
"April 29, 2011",,,,
The Great Lakes 100,,,,
STOCKS DELETED: RC2 CORP.,,,,
1st Source Corp.,Abercrombie & Fitch,AK Steel Holdings,Allscripts Healthcare Solutions,Allstate
American Electric Power,American Greetings,Anixter International,Archer-Daniels-Midland (ADM),"Badger Meter, Inc."
Baxter International,Big Lots,Bob Evans Farms,Boeing,Briggs & Stratton
"Caterpillar, Inc.","Cedar Fair, LP",CF Industries,Chemical Financial Corp.,Chiquita Brands International
CME Group,Compuware,Consolidated Communications,Corn Products International,CTS Corp.
Cummins Inc.,Deere & Co.,DeVry,Domino's Pizza,Dow Chemical
DSW,Eaton Corp.,Eli Lilly & Co.,EW Scripps,Exelon Corp.
Federal Signal Corp.,Fifth Third Bancorp,Ford Motor Company,Fortune Brands,FreightCar America
General Motors Corp.,Goodyear Tire & Rubber,Great Lakes Dredge & Dock,Harley-Davidson,ITT Educational Services
Illinois Tool Works,Johnson Controls,Jones Lang LaSalle Inc.,Kellogg,Kelly Services
Kimball International,Kohl's,Kraft Foods,Kroger,La-Z-Boy
Lakeland Financial,Macy's,Masco,McDonald's Corp.,Modine Manufacturing
Motorola Mobility Holdings,National Presto Industries,NiSource,Northern Trust Corp.,Old Republic International Corp.
Olympic Steel,Oshkosh Corp.,Owens-Illinois,Packaging Corp. of America,Parker Hannifin Corp.
Perrigo Co.,Penske Automotive Group,Procter & Gamble,PulteGroup,Republic Airways Holdings
RR Donnelley & Sons,Saga Communications,"School Specialty, Inc.",Scripps Networks Interactive,Sears Holdings Corp.
Shoe Carnival,Skyline Corp.,Snap-on,Spartan Stores,Stericycle
Stryker Corp.,Sun Communities,"Syntel, Inc.",Teradata Corp.,Thor Industries
Tootsie Roll Industries,"United Continental Holdings, Inc.","United Forest Products, Inc.",USG Corp.,Valassis Communications Inc.
Walgreen,"WellPoint, Inc.",Whirlpool Corp. ,Wolverine Worldwide,Zimmer Holdings
,,,,
"October 4, 2011",,,,
The Great Lakes 100,,,,
STOCKS DELETED: FORTUNE BRANDS,,,,
1st Source Corp.,Abercrombie & Fitch,AK Steel Holdings,Allscripts Healthcare Solutions,Allstate
American Electric Power,American Greetings,Anixter International,Archer-Daniels-Midland (ADM),"Badger Meter, Inc."
Baxter International,Big Lots,"Beam, Inc.",Bob Evans Farms,Boeing
Briggs & Stratton,"Caterpillar, Inc.","Cedar Fair, LP",CF Industries,Chemical Financial Corp.
Chiquita Brands International,CME Group,Compuware,Consolidated Communications,Corn Products International
CTS Corp.,Cummins Inc.,Deere & Co.,DeVry,Domino's Pizza
Dow Chemical,DSW,Eaton Corp.,Eli Lilly & Co.,EW Scripps
Exelon Corp.,Federal Signal Corp.,Fifth Third Bancorp,Ford Motor Company,FreightCar America
General Motors Corp.,Goodyear Tire & Rubber,Great Lakes Dredge & Dock,Harley-Davidson,ITT Educational Services
Illinois Tool Works,Johnson Controls,Jones Lang LaSalle Inc.,Kellogg,Kelly Services
Kimball International,Kohl's,Kraft Foods,Kroger,La-Z-Boy
Lakeland Financial,Macy's,Masco,McDonald's Corp.,Modine Manufacturing
Motorola Mobility Holdings,National Presto Industries,NiSource,Northern Trust Corp.,Old Republic International Corp.
Olympic Steel,Oshkosh Corp.,Owens-Illinois,Packaging Corp. of America,Parker Hannifin Corp.
Perrigo Co.,Penske Automotive Group,Procter & Gamble,PulteGroup,Republic Airways Holdings
RR Donnelley & Sons,Saga Communications,"School Specialty, Inc.",Scripps Networks Interactive,Sears Holdings Corp.
Shoe Carnival,Skyline Corp.,Snap-on,Spartan Stores,Stericycle
Stryker Corp.,Sun Communities,"Syntel, Inc.",Teradata Corp.,Thor Industries
Tootsie Roll Industries,"United Continental Holdings, Inc.","United Forest Products, Inc.",USG Corp.,Valassis Communications Inc.
Walgreen,"WellPoint, Inc.",Whirlpool Corp. ,Wolverine Worldwide,Zimmer Holdings
,,,,
"December 27, 2011",,,,
The Great Lakes 100,,,,
"STOCKS DELETED: SCHOOL 
SPECIALTY",,,,
1st Source Corp.,Abercrombie & Fitch,AK Steel Holdings,Allscripts Healthcare Solutions,Allstate
American Electric Power,American Greetings,Anixter International,Archer-Daniels-Midland (ADM),"Badger Meter, Inc."
Baxter International,Big Lots,"Beam, Inc.",Bob Evans Farms,Boeing
Briggs & Stratton,"Caterpillar, Inc.","Cedar Fair, LP",CF Industries,Chemical Financial Corp.
Chiquita Brands International,CME Group,Compuware,Consolidated Communications,Corn Products International
CTS Corp.,Cummins Inc.,Deere & Co.,DeVry,Discover Financial Services
Domino's Pizza,Dow Chemical,DSW,Eaton Corp.,Eli Lilly & Co.
EW Scripps,Exelon Corp.,Federal Signal Corp.,Fifth Third Bancorp,Ford Motor Company
FreightCar America,General Motors Corp.,Goodyear Tire & Rubber,Great Lakes Dredge & Dock,Harley-Davidson
ITT Educational Services,Illinois Tool Works,Johnson Controls,Jones Lang LaSalle Inc.,Kellogg
Kelly Services,Kimball International,Kohl's,Kraft Foods,Kroger
La-Z-Boy,Lakeland Financial,Macy's,Masco,McDonald's Corp.
Modine Manufacturing,Motorola Mobility Holdings,National Presto Industries,NiSource,Northern Trust Corp.
Old Republic International Corp.,Olympic Steel,Oshkosh Corp.,Owens-Illinois,Packaging Corp. of America
Parker Hannifin Corp.,Perrigo Co.,Penske Automotive Group,Procter & Gamble,PulteGroup
Republic Airways Holdings,RR Donnelley & Sons,Saga Communications,Scripps Networks Interactive,Sears Holdings Corp.
Shoe Carnival,Skyline Corp.,Snap-on,Spartan Stores,Stericycle
Stryker Corp.,Sun Communities,"Syntel, Inc.",Teradata Corp.,Thor Industries
Tootsie Roll Industries,"United Continental Holdings, Inc.","United Forest Products, Inc.",USG Corp.,Valassis Communications Inc.
Walgreen,"WellPoint, Inc.",Whirlpool Corp. ,Wolverine Worldwide,Zimmer Holdings
,,,,
"May 23, 2012",,,,
The Great Lakes 100,,,,
"STOCKS DELETED: MOTOROLA 
MOBILITY",,,,
1st Source Corp.,Abercrombie & Fitch,AK Steel Holdings,Allscripts Healthcare Solutions,Allstate
American Electric Power,American Greetings,Anixter International,Archer-Daniels-Midland (ADM),"Badger Meter, Inc."
Baxter International,Big Lots,"Beam, Inc.",Bob Evans Farms,Boeing
Briggs & Stratton,"Caterpillar, Inc.","Cedar Fair, LP",CF Industries,Chemical Financial Corp.
Chiquita Brands International,CME Group,Compuware,Consolidated Communications,Corn Products International
CTS Corp.,Cummins Inc.,Deere & Co.,DeVry,Discover Financial Services
Domino's Pizza,Dow Chemical,DSW,Eaton Corp.,Eli Lilly & Co.
EW Scripps,Exelon Corp.,Federal Signal Corp.,Fifth Third Bancorp,Ford Motor Company
FreightCar America,General Motors Corp.,Goodyear Tire & Rubber,Great Lakes Dredge & Dock,Harley-Davidson
ITT Educational Services,Illinois Tool Works,Johnson Controls,Jones Lang LaSalle Inc.,Kellogg
Kelly Services,Kimball International,Kohl's,Kraft Foods,Kroger
La-Z-Boy,Lakeland Financial,Macy's,Masco,McDonald's Corp.
Modine Manufacturing,Motorola Solutions,National Presto Industries,NiSource,Northern Trust Corp.
Old Republic International Corp.,Olympic Steel,Oshkosh Corp.,Owens-Illinois,Packaging Corp. of America
Parker Hannifin Corp.,Perrigo Co.,Penske Automotive Group,Procter & Gamble,PulteGroup
Republic Airways Holdings,RR Donnelley & Sons,Saga Communications,Scripps Networks Interactive,Sears Holdings Corp.
Shoe Carnival,Skyline Corp.,Snap-on,Spartan Stores,Stericycle
Stryker Corp.,Sun Communities,"Syntel, Inc.",Teradata Corp.,Thor Industries
Tootsie Roll Industries,"United Continental Holdings, Inc.","United Forest Products, Inc.",USG Corp.,Valassis Communications Inc.
Walgreen,"WellPoint, Inc.",Whirlpool Corp. ,Wolverine Worldwide,Zimmer Holdings
,,,,
"June 4, 2012",,,,
The Great Lakes 100,,,,
"NAME CHANGE: CORN PRODUCTS 
INTERNATIONAL",,,,
1st Source Corp.,Abercrombie & Fitch,AK Steel Holdings,Allscripts Healthcare Solutions,Allstate
American Electric Power,American Greetings,Anixter International,Archer-Daniels-Midland (ADM),"Badger Meter, Inc."
Baxter International,Big Lots,"Beam, Inc.",Bob Evans Farms,Boeing
Briggs & Stratton,"Caterpillar, Inc.","Cedar Fair, LP",CF Industries,Chemical Financial Corp.
Chiquita Brands International,CME Group,Compuware,Consolidated Communications,CTS Corp.
Cummins Inc.,Deere & Co.,DeVry,Discover Financial Services,Domino's Pizza
Dow Chemical,DSW,Eaton Corp.,Eli Lilly & Co.,EW Scripps
Exelon Corp.,Federal Signal Corp.,Fifth Third Bancorp,Ford Motor Company,FreightCar America
General Motors Corp.,Goodyear Tire & Rubber,Great Lakes Dredge & Dock,Harley-Davidson,ITT Educational Services
Illinois Tool Works,"Ingredion, Inc.",Johnson Controls,Jones Lang LaSalle Inc.,Kellogg
Kelly Services,Kimball International,Kohl's,Kraft Foods,Kroger
La-Z-Boy,Lakeland Financial,Macy's,Masco,McDonald's Corp.
Modine Manufacturing,Motorola Solutions,National Presto Industries,NiSource,Northern Trust Corp.
Old Republic International Corp.,Olympic Steel,Oshkosh Corp.,Owens-Illinois,Packaging Corp. of America
Parker Hannifin Corp.,Perrigo Co.,Penske Automotive Group,Procter & Gamble,PulteGroup
Republic Airways Holdings,RR Donnelley & Sons,Saga Communications,Scripps Networks Interactive,Sears Holdings Corp.
Shoe Carnival,Skyline Corp.,Snap-on,Spartan Stores,Stericycle
Stryker Corp.,Sun Communities,"Syntel, Inc.",Teradata Corp.,Thor Industries
Tootsie Roll Industries,"United Continental Holdings, Inc.","United Forest Products, Inc.",USG Corp.,Valassis Communications Inc.
Walgreen,"WellPoint, Inc.",Whirlpool Corp. ,Wolverine Worldwide,Zimmer Holdings
,,,,
"October 2, 2012",,,,
The Great Lakes 100,,,,
NAME CHANGE: KRAFT FOODS,,,,
1st Source Corp.,Abercrombie & Fitch,AK Steel Holdings,Allscripts Healthcare Solutions,Allstate
American Electric Power,American Greetings,Anixter International,Archer-Daniels-Midland (ADM),"Badger Meter, Inc."
Baxter International,Big Lots,"Beam, Inc.",Bob Evans Farms,Boeing
Briggs & Stratton,"Caterpillar, Inc.","Cedar Fair, LP",CF Industries,Chemical Financial Corp.
Chiquita Brands International,CME Group,Compuware,Consolidated Communications,CTS Corp.
Cummins Inc.,Deere & Co.,DeVry,Discover Financial Services,Domino's Pizza
Dow Chemical,DSW,Eaton Corp.,Eli Lilly & Co.,EW Scripps
Exelon Corp.,Federal Signal Corp.,Fifth Third Bancorp,Ford Motor Company,FreightCar America
General Motors Corp.,Goodyear Tire & Rubber,Great Lakes Dredge & Dock,Harley-Davidson,ITT Educational Services
Illinois Tool Works,"Ingredion, Inc.",Johnson Controls,Jones Lang LaSalle Inc.,Kellogg
Kelly Services,Kimball International,Kohl's,Kraft Foods Group,Kroger
La-Z-Boy,Lakeland Financial,Macy's,Masco,McDonald's Corp.
Modine Manufacturing,Motorola Solutions,National Presto Industries,NiSource,Northern Trust Corp.
Old Republic International Corp.,Olympic Steel,Oshkosh Corp.,Owens-Illinois,Packaging Corp. of America
Parker Hannifin Corp.,Perrigo Co.,Penske Automotive Group,Procter & Gamble,PulteGroup
Republic Airways Holdings,RR Donnelley & Sons,Saga Communications,Scripps Networks Interactive,Sears Holdings Corp.
Shoe Carnival,Skyline Corp.,Snap-on,Spartan Stores,Stericycle
Stryker Corp.,Sun Communities,"Syntel, Inc.",Teradata Corp.,Thor Industries
Tootsie Roll Industries,"United Continental Holdings, Inc.","United Forest Products, Inc.",USG Corp.,Valassis Communications Inc.
Walgreen,"WellPoint, Inc.",Whirlpool Corp. ,Wolverine Worldwide,Zimmer Holdings
,,,,
"February 13, 2013",,,,
The Great Lakes 100,,,,
STOCKS DELETED: CHIQUITA BRANDS,,,,
1st Source Corp.,Abercrombie & Fitch,AK Steel Holdings,Allscripts Healthcare Solutions,Allstate
American Electric Power,American Greetings,Anixter International,Archer-Daniels-Midland (ADM),"Badger Meter, Inc."
Baxter International,Big Lots,"Beam, Inc.",Bob Evans Farms,Boeing
Briggs & Stratton,"Caterpillar, Inc.","Cedar Fair, LP",CF Industries,Chemical Financial Corp.
CME Group,Compuware,Consolidated Communications,CTS Corp.,Cummins Inc.
Deere & Co.,DeVry,Discover Financial Services,Domino's Pizza,Dow Chemical
DSW,Eaton Corp.,Eli Lilly & Co.,EW Scripps,Exelon Corp.
Federal Signal Corp.,Fifth Third Bancorp,Ford Motor Company,FreightCar America,General Motors Corp.
Goodyear Tire & Rubber,Great Lakes Dredge & Dock,Harley-Davidson,ITT Educational Services,Illinois Tool Works
"Ingredion, Inc.",Johnson Controls,Jones Lang LaSalle Inc.,Kellogg,Kelly Services
Kimball International,Kohl's,Kraft Foods Group,Kroger,La-Z-Boy
Lakeland Financial,Macy's,Masco,McDonald's Corp.,Modine Manufacturing
Motorola Solutions,National Presto Industries,NiSource,Northern Trust Corp.,Old Republic International Corp.
Olympic Steel,Oshkosh Corp.,Owens-Illinois,Packaging Corp. of America,Parker Hannifin Corp.
Perrigo Co.,Penske Automotive Group,Procter & Gamble,PulteGroup,Republic Airways Holdings
RR Donnelley & Sons,Saga Communications,Scripps Networks Interactive,Sears Holdings Corp.,Shoe Carnival
Skyline Corp.,Snap-on,Spartan Stores,Stepan Company,Stericycle
Stryker Corp.,Sun Communities,"Syntel, Inc.",Teradata Corp.,Thor Industries
Tootsie Roll Industries,"United Continental Holdings, Inc.","United Forest Products, Inc.",USG Corp.,Valassis Communications Inc.
Walgreen,"WellPoint, Inc.",Whirlpool Corp. ,Wolverine Worldwide,Zimmer Holdings
,,,,
"May 29, 2013",,,,
The Great Lakes 100,,,,
STOCKS DELETED: AK STEEL HOLDING,,,,
1st Source Corp.,Abercrombie & Fitch,Allscripts Healthcare Solutions,Allstate,American Electric Power
American Greetings,Anixter International,Archer-Daniels-Midland (ADM),"Badger Meter, Inc.",Baxter International
Big Lots,"Beam, Inc.",Bob Evans Farms,Boeing,Briggs & Stratton
"Caterpillar, Inc.","Cedar Fair, LP",CF Industries,Chemical Financial Corp.,CME Group
Compuware,Consolidated Communications,CTS Corp.,Cummins Inc.,Deere & Co.
DeVry,Discover Financial Services,Domino's Pizza,Dow Chemical,DSW
Eaton Corp.,Eli Lilly & Co.,EW Scripps,Exelon Corp.,Federal Signal Corp.
Fifth Third Bancorp,Ford Motor Company,FreightCar America,General Motors Corp.,Goodyear Tire & Rubber
Great Lakes Dredge & Dock,Harley-Davidson,ITT Educational Services,Illinois Tool Works,"Ingredion, Inc."
Johnson Controls,Jones Lang LaSalle Inc.,Kellogg,Kelly Services,Kimball International
Kohl's,Kraft Foods Group,Kroger,La-Z-Boy,Lakeland Financial
Macy's,Masco,McDonald's Corp.,Modine Manufacturing,Motorola Solutions
National Presto Industries,NiSource,Northern Trust Corp.,Old Republic International Corp.,Olympic Steel
Oshkosh Corp.,Owens-Illinois,Packaging Corp. of America,Parker Hannifin Corp.,Perrigo Co.
Penske Automotive Group,Procter & Gamble,PulteGroup,Republic Airways Holdings,REX American Resources
RR Donnelley & Sons,Saga Communications,Scripps Networks Interactive,Sears Holdings Corp.,Shoe Carnival
Skyline Corp.,Snap-on,Spartan Stores,Stepan Company,Stericycle
Stryker Corp.,Sun Communities,"Syntel, Inc.",Teradata Corp.,Thor Industries
Tootsie Roll Industries,"United Continental Holdings, Inc.","United Forest Products, Inc.",USG Corp.,Valassis Communications Inc.
Walgreen,"WellPoint, Inc.",Whirlpool Corp. ,Wolverine Worldwide,Zimmer Holdings
,,,,
"August 2, 2013",,,,
The Great Lakes 100,,,,
"STOCKS DELETED: EATON, SCRIPPS 
NETWORKS INTERACTIVE, OLD 
REPUBLIC INTERNATIONAL",,,,
1st Source Corp.,Abercrombie & Fitch,Allscripts Healthcare Solutions,Allstate,American Electric Power
American Greetings,Anixter International,Archer-Daniels-Midland (ADM),"Badger Meter, Inc.",Baxter International
Big Lots,"Beam, Inc.",Bob Evans Farms,Boeing,Briggs & Stratton
"Caterpillar, Inc.","Cedar Fair, LP",CF Industries,Chemical Financial Corp.,CME Group
Compuware,Consolidated Communications,Con-way,CTS Corp.,Cummins Inc.
Deere & Co.,DeVry,Discover Financial Services,Domino's Pizza,Dow Chemical
DSW,Eli Lilly & Co.,EW Scripps,Exelon Corp.,Federal Signal Corp.
Fifth Third Bancorp,Ford Motor Company,FreightCar America,General Motors Corp.,Goodyear Tire & Rubber
Great Lakes Dredge & Dock,Harley-Davidson,Hyatt Hotels Corp.,ITT Educational Services,Illinois Tool Works
"Ingredion, Inc.",Johnson Controls,Jones Lang LaSalle Inc.,Kellogg,Kelly Services
Kimball International,Kohl's,Kraft Foods Group,Kroger,La-Z-Boy
Lakeland Financial,Macy's,Masco,McDonald's Corp.,Modine Manufacturing
Motorola Solutions,National Presto Industries,NiSource,Northern Trust Corp.,Olympic Steel
Oshkosh Corp.,Owens-Illinois,Packaging Corp. of America,Parker Hannifin Corp.,Perrigo Co.
Penske Automotive Group,Procter & Gamble,PulteGroup,Republic Airways Holdings,REX American Resources
RR Donnelley & Sons,Saga Communications,Sears Holdings Corp.,Shoe Carnival,Skyline Corp.
Snap-on,Spartan Stores,Stepan Company,Stericycle,Stryker Corp.
Sun Communities,"Syntel, Inc.",Teradata Corp.,Thor Industries,Tootsie Roll Industries
Tower International,"United Continental Holdings, Inc.","United Forest Products, Inc.",USG Corp.,Valassis Communications Inc.
Walgreen,"WellPoint, Inc.",Whirlpool Corp. ,Wolverine Worldwide,Zimmer Holdings
,,,,
"August 9, 2013",,,,
The Great Lakes 100,,,,
"STOCKS DELETED: AMERICAN 
GREETINGS",,,,
1st Source Corp.,Abercrombie & Fitch,Allscripts Healthcare Solutions,Allstate,American Electric Power
Angie's List,Anixter International,Archer-Daniels-Midland (ADM),"Badger Meter, Inc.",Baxter International
Big Lots,"Beam, Inc.",Bob Evans Farms,Boeing,Briggs & Stratton
"Caterpillar, Inc.","Cedar Fair, LP",CF Industries,Chemical Financial Corp.,CME Group
Compuware,Consolidated Communications,Con-way,CTS Corp.,Cummins Inc.
Deere & Co.,DeVry,Discover Financial Services,Domino's Pizza,Dow Chemical
DSW,Eli Lilly & Co.,EW Scripps,Exelon Corp.,Federal Signal Corp.
Fifth Third Bancorp,Ford Motor Company,FreightCar America,General Motors Corp.,Goodyear Tire & Rubber
Great Lakes Dredge & Dock,Harley-Davidson,Hyatt Hotels Corp.,ITT Educational Services,Illinois Tool Works
"Ingredion, Inc.",Johnson Controls,Jones Lang LaSalle Inc.,Kellogg,Kelly Services
Kimball International,Kohl's,Kraft Foods Group,Kroger,La-Z-Boy
Lakeland Financial,Macy's,Masco,McDonald's Corp.,Modine Manufacturing
Motorola Solutions,National Presto Industries,NiSource,Northern Trust Corp.,Olympic Steel
Oshkosh Corp.,Owens-Illinois,Packaging Corp. of America,Parker Hannifin Corp.,Perrigo Co.
Penske Automotive Group,Procter & Gamble,PulteGroup,Republic Airways Holdings,REX American Resources
RR Donnelley & Sons,Saga Communications,Sears Holdings Corp.,Shoe Carnival,Skyline Corp.
Snap-on,Spartan Stores,Stepan Company,Stericycle,Stryker Corp.
Sun Communities,"Syntel, Inc.",Teradata Corp.,Thor Industries,Tootsie Roll Industries
Tower International,"United Continental Holdings, Inc.","United Forest Products, Inc.",USG Corp.,Valassis Communications Inc.
Walgreen,"WellPoint, Inc.",Whirlpool Corp. ,Wolverine Worldwide,Zimmer Holdings
,,,,
"December 20, 2013",,,,
The Great Lakes 100,,,,
STOCKS DELETED: PERRIGO,,,,
1st Source Corp.,Abercrombie & Fitch,Allscripts Healthcare Solutions,Allstate,American Electric Power
Angie's List,Anixter International,Archer-Daniels-Midland (ADM),"Badger Meter, Inc.",Baxter International
Big Lots,"Beam, Inc.",Bob Evans Farms,Boeing,Briggs & Stratton
"Caterpillar, Inc.","Cedar Fair, LP",CF Industries,Chemical Financial Corp.,CME Group
Compuware,Consolidated Communications,Con-way,CTS Corp.,Cummins Inc.
Deere & Co.,DeVry,Discover Financial Services,Domino's Pizza,Dow Chemical
DSW,Eli Lilly & Co.,EW Scripps,Exelon Corp.,Federal Signal Corp.
Fifth Third Bancorp,Ford Motor Company,FreightCar America,General Motors Corp.,Goodyear Tire & Rubber
Great Lakes Dredge & Dock,Harley-Davidson,Hyatt Hotels Corp.,ITT Educational Services,Illinois Tool Works
"Ingredion, Inc.",Johnson Controls,Jones Lang LaSalle Inc.,Kellogg,Kelly Services
Kimball International,Kohl's,Kraft Foods Group,Kroger,La-Z-Boy
Lakeland Financial,Macy's,Masco,McDonald's Corp.,Modine Manufacturing
Motorola Solutions,National Presto Industries,NiSource,Northern Trust Corp.,Olympic Steel
Oshkosh Corp.,Owens-Illinois,Packaging Corp. of America,Parker Hannifin Corp.,Penske Automotive Group
Procter & Gamble,PulteGroup,Republic Airways Holdings,REX American Resources,RR Donnelley & Sons
Saga Communications,Sears Holdings Corp.,Shoe Carnival,Skyline Corp.,Snap-on
Spartan Stores,Stepan Company,Stericycle,Stryker Corp.,Sun Communities
"Syntel, Inc.",Teradata Corp.,Thor Industries,Tootsie Roll Industries,Tower International
"United Continental Holdings, Inc.","United Forest Products, Inc.",USG Corp.,Valassis Communications Inc.,Walgreen
"WellPoint, Inc.",Whirlpool Corp. ,Wisconsin Energy,Wolverine Worldwide,Zimmer Holdings
,,,,
"February 5, 2014",,,,
The Great Lakes 100,,,,
"STOCKS DELETED: VALASSIS 
COMMUNICATIONS",,,,
1st Source Corp.,Abercrombie & Fitch,Allscripts Healthcare Solutions,Allstate,American Electric Power
Angie's List,Anixter International,Archer-Daniels-Midland (ADM),"Badger Meter, Inc.",Baxter International
Big Lots,"Beam, Inc.",Bob Evans Farms,Boeing,Briggs & Stratton
"Caterpillar, Inc.","Cedar Fair, LP",CF Industries,Chemical Financial Corp.,CME Group
Compuware,Consolidated Communications,Con-way,CTS Corp.,Cummins Inc.
Deere & Co.,DeVry,Discover Financial Services,Domino's Pizza,Dow Chemical
DSW,Eli Lilly & Co.,EW Scripps,Exelon Corp.,Federal Signal Corp.
Fifth Third Bancorp,Ford Motor Company,FreightCar America,General Motors Corp.,Goodyear Tire & Rubber
Great Lakes Dredge & Dock,Harley-Davidson,Hyatt Hotels Corp.,ITT Educational Services,Illinois Tool Works
"Ingredion, Inc.",Johnson Controls,Jones Lang LaSalle Inc.,Kellogg,Kelly Services
Kimball International,Kohl's,Kraft Foods Group,Kroger,La-Z-Boy
Lakeland Financial,Macy's,Masco,McDonald's Corp.,Modine Manufacturing
Motorola Solutions,National Presto Industries,NiSource,Northern Trust Corp.,Olympic Steel
Oshkosh Corp.,Owens-Illinois,Packaging Corp. of America,Parker Hannifin Corp.,Penske Automotive Group
Procter & Gamble,PulteGroup,Republic Airways Holdings,REX American Resources,Rofin-Sinar Technologies
RR Donnelley & Sons,Saga Communications,Sears Holdings Corp.,Shoe Carnival,Skyline Corp.
Snap-on,Spartan Stores,Stepan Company,Stericycle,Stryker Corp.
Sun Communities,"Syntel, Inc.",Teradata Corp.,Thor Industries,Tootsie Roll Industries
Tower International,"United Continental Holdings, Inc.","United Forest Products, Inc.",USG Corp.,Walgreen
"WellPoint, Inc.",Whirlpool Corp. ,Wisconsin Energy,Wolverine Worldwide,Zimmer Holdings
,,,,
"May 1, 2014",,,,
The Great Lakes 100,,,,
"STOCKS DELETED: BEAM, INC.",,,,
1st Source Corp.,Abercrombie & Fitch,Allscripts Healthcare Solutions,Allstate,American Electric Power
Angie's List,Anixter International,Archer-Daniels-Midland (ADM),"Badger Meter, Inc.",Baxter International
Big Lots,Bob Evans Farms,Boeing,Briggs & Stratton,"Caterpillar, Inc."
"Cedar Fair, LP",CF Industries,Chemical Financial Corp.,CME Group,Compuware
Consolidated Communications,Con-way,CTS Corp.,Cummins Inc.,Deere & Co.
DeVry,Discover Financial Services,Domino's Pizza,Dow Chemical,DSW
Eli Lilly & Co.,EW Scripps,Exelon Corp.,Federal Signal Corp.,Fifth Third Bancorp
Ford Motor Company,FreightCar America,General Motors Corp.,Goodyear Tire & Rubber,Great Lakes Dredge & Dock
Harley-Davidson,Haynes International,Hyatt Hotels Corp.,ITT Educational Services,Illinois Tool Works
"Ingredion, Inc.",Johnson Controls,Jones Lang LaSalle Inc.,Kellogg,Kelly Services
Kimball International,Kohl's,Kraft Foods Group,Kroger,La-Z-Boy
Lakeland Financial,Macy's,Masco,McDonald's Corp.,Modine Manufacturing
Motorola Solutions,National Presto Industries,NiSource,Northern Trust Corp.,Olympic Steel
Oshkosh Corp.,Owens-Illinois,Packaging Corp. of America,Parker Hannifin Corp.,Penske Automotive Group
Procter & Gamble,PulteGroup,Republic Airways Holdings,REX American Resources,Rofin-Sinar Technologies
RR Donnelley & Sons,Saga Communications,Sears Holdings Corp.,Shoe Carnival,Skyline Corp.
Snap-on,Spartan Stores,Stepan Company,Stericycle,Stryker Corp.
Sun Communities,"Syntel, Inc.",Teradata Corp.,Thor Industries,Tootsie Roll Industries
Tower International,"United Continental Holdings, Inc.","United Forest Products, Inc.",USG Corp.,Walgreen
"WellPoint, Inc.",Whirlpool Corp. ,Wisconsin Energy,Wolverine Worldwide,Zimmer Holdings
